Workbook

Sheet README
A1: Specialist AHT Summary Report — Sample Data
A3: This is a sanitized sample recreated for portfolio purposes.
A4: Structure, headcount, and formula logic (VLOOKUP / IF) reflect an actual weekly AHT tracker I owned.
A5: All names, TL handles, product taxonomy, and metric values are fictional / randomized.

Sheet WFM Q4 Target
A1: Quarter | B1: product_level1_name | C1: product_level2_name | D1: delivery_country | E1: Audit Stage | F1: Audit Stage (for mapping) | G1: Template/Ticket_type | H1: Region | I1: AHT Targets(mins) | J1: Helper | K1: AHT Targets(secs)
A2: Q4'24 | E2: Appeals | F2: Appeals | G2: T0 - Ad Group Rejection Proactive Appeal (Smart Assign) | I2: 4.426 | J2: =TRIM(E2) & TRIM(C2) & TRIM(D2) -> Appeals | K2: =IFERROR(I2*60,"") -> 265.56
A3: Q4'24 | E3: Appeals | F3: Appeals | G3: T0 - Ad Group Rejection Proactive Appeal Followup (Smart Assign) | I3: 4.4088 | J3: =TRIM(E3) & TRIM(C3) & TRIM(D3) -> Appeals | K3: =IFERROR(I3*60,"") -> 264.528
A4: Q4'24 | E4: Appeals | F4: Appeals | G4: Premium - Ad Group Rejection Proactive Appeal (Smart Assign) | I4: 6.1313 | J4: =TRIM(E4) & TRIM(C4) & TRIM(D4) -> Appeals | K4: =IFERROR(I4*60,"") -> 367.878
A5: Q4'24 | E5: Appeals | F5: Appeals | G5: Premium - Account Suspension Proactive Appeal (Smart Assign) | I5: 5.8448 | J5: =TRIM(E5) & TRIM(C5) & TRIM(D5) -> Appeals | K5: =IFERROR(I5*60,"") -> 350.688
A6: Q4'24 | E6: Appeals | F6: Appeals | G6: R&F Disapproval Inquiry (Smart Assign) | I6: 7.3193 | J6: =TRIM(E6) & TRIM(C6) & TRIM(D6) -> Appeals | K6: =IFERROR(I6*60,"") -> 439.158
A7: Q4'24 | E7: Appeals | F7: Appeals | G7: Account Suspension Appeal (Smart Assign) | I7: 5.4015 | J7: =TRIM(E7) & TRIM(C7) & TRIM(D7) -> Appeals | K7: =IFERROR(I7*60,"") -> 324.09
A8: Q4'24 | E8: Appeals | F8: Appeals | G8: Spark Ad Group Appeal (Smart Assign) | I8: 4.6096 | J8: =TRIM(E8) & TRIM(C8) & TRIM(D8) -> Appeals | K8: =IFERROR(I8*60,"") -> 276.576
A9: Q4'24 | E9: Appeals | F9: Appeals | G9: Ad Group Disapproval Inquiry (Smart Assign) | I9: 7.6509 | J9: =TRIM(E9) & TRIM(C9) & TRIM(D9) -> Appeals | K9: =IFERROR(I9*60,"") -> 459.054
A10: Q4'24 | E10: Appeals | F10: Appeals | G10: Consultation | I10: 6.8944 | J10: =TRIM(E10) & TRIM(C10) & TRIM(D10) -> Appeals | K10: =IFERROR(I10*60,"") -> 413.664
A11: Q4'24 | E11: Appeals | F11: Appeals | G11: Account Disapproval Inquiry (Smart Assign) | I11: 3.682 | J11: =TRIM(E11) & TRIM(C11) & TRIM(D11) -> Appeals | K11: =IFERROR(I11*60,"") -> 220.92
A12: Q4'24 | E12: Appeals | F12: Appeals | G12: Keywords Disapproval Inquiry (Smart Assign) | I12: 3.4255 | J12: =TRIM(E12) & TRIM(C12) & TRIM(D12) -> Appeals | K12: =IFERROR(I12*60,"") -> 205.53
A13: Q4'24 | E13: Appeals | F13: Appeals | G13: Account Reminder | I13: 0.9922 | J13: =TRIM(E13) & TRIM(C13) & TRIM(D13) -> Appeals | K13: =IFERROR(I13*60,"") -> 59.532
A14: Q4'24 | E14: Appeals | F14: Appeals | G14: Product Catalog Disapproval (Smart assign) | I14: 0.0892 | J14: =TRIM(E14) & TRIM(C14) & TRIM(D14) -> Appeals | K14: =IFERROR(I14*60,"") -> 5.352
A15: Q4'24 | E15: Appeals | F15: Appeals | G15: Closed Loop Product Appeal | J15: =TRIM(E15) & TRIM(C15) & TRIM(D15) -> Appeals | K15: =IFERROR(I15*60,"") -> 0
A16: Q4'24 | E16: Appeals | F16: Appeals | G16: Other Inquiry | I16: 3.7155 | J16: =TRIM(E16) & TRIM(C16) & TRIM(D16) -> Appeals | K16: =IFERROR(I16*60,"") -> 222.93
A17: Q4'24 | E17: Appeals | F17: Appeals | G17: BC Suspension Appeal (Smart Assign) | I17: 4.6123 | J17: =TRIM(E17) & TRIM(C17) & TRIM(D17) -> Appeals | K17: =IFERROR(I17*60,"") -> 276.738
A18: Q4'24 | E18: Appeals | F18: Appeals | G18: Catalog Ads Disapproval Inquiry (Smart Assign) | I18: 4.0971 | J18: =TRIM(E18) & TRIM(C18) & TRIM(D18) -> Appeals | K18: =IFERROR(I18*60,"") -> 245.826
A19: Q4'24 | E19: Appeals | F19: Appeals | G19: Sponsored Content Appeal (Smart Assign) | I19: 15.5317 | J19: =TRIM(E19) & TRIM(C19) & TRIM(D19) -> Appeals | K19: =IFERROR(I19*60,"") -> 931.902
A20: Q4'24 | E20: Appeals | F20: Appeals | G20: Ad Group Disapproval Inquiry (DSA) | I20: 10.057 | J20: =TRIM(E20) & TRIM(C20) & TRIM(D20) -> Appeals | K20: =IFERROR(I20*60,"") -> 603.42
A21: Q4'24 | E21: Appeals | F21: Appeals | G21: Pro Account Lead Gen Disapproval Inquiry (Smart Assign) | I21: 2.9142 | J21: =TRIM(E21) & TRIM(C21) & TRIM(D21) -> Appeals | K21: =IFERROR(I21*60,"") -> 174.852
A22: Q4'24 | E22: Appeals | F22: Appeals | G22: Pro Account Registration Disapproval Inquiry (Smart Assign) | I22: 3.7672 | J22: =TRIM(E22) & TRIM(C22) & TRIM(D22) -> Appeals | K22: =IFERROR(I22*60,"") -> 226.032
A23: Q4'24 | E23: Appeals | F23: Appeals | G23: Spark BC Appeal (Smart Assign) | I23: 6.1966 | J23: =TRIM(E23) & TRIM(C23) & TRIM(D23) -> Appeals | K23: =IFERROR(I23*60,"") -> 371.796
A24: Q4'24 | E24: Appeals | F24: Appeals | G24: Pro Account Product Disapproval Inquiry (Smart Assign) | I24: 2.2576 | J24: =TRIM(E24) & TRIM(C24) & TRIM(D24) -> Appeals | K24: =IFERROR(I24*60,"") -> 135.456
A25: Q4'24 | E25: Appeals | F25: Appeals | G25: Account Soft Enforcement Appeal | I25: 4.852 | J25: =TRIM(E25) & TRIM(C25) & TRIM(D25) -> Appeals | K25: =IFERROR(I25*60,"") -> 291.12
A26: Q4'24 | E26: Appeals | F26: Appeals | G26: Qualification Disapproval Inquiry | I26: 5.1168 | J26: =TRIM(E26) & TRIM(C26) & TRIM(D26) -> Appeals | K26: =IFERROR(I26*60,"") -> 307.008
A27: Q4'24 | E27: Appeals | F27: Appeals | G27: IP Infringement Report (Smart Assign) | I27: 4.1775 | J27: =TRIM(E27) & TRIM(C27) & TRIM(D27) -> Appeals | K27: =IFERROR(I27*60,"") -> 250.65
... A36: Q4'24 | E36: Appeals | F36: Appeals | G36: Advertiser Limit for BC | I36: 5.98 | J36: =TRIM(E36) & TRIM(C36) & TRIM(D36) -> Appeals | K36: =IFERROR(I36*60,"") -> 358.8
A37: Q4'24 | B37: (空字符串) | C37: (空字符串) | D37: ["PHILIPPINES"] | E37: Others | F37: Others | G37: (空字符串)-["PHILIPPINES"] | J37: =TRIM(E37) & TRIM(C37) & TRIM(D37) -> Others(空字符串)["PHILIPPINES"] | K37: =IFERROR(I37*60,"") -> 0
A38: Q4'24 | B38: Bid Ads | C38: Bid Ad Group | D38: SG | E38: Re-review | F38: Re-review | G38: Bid Ad Group-SG | I38: 4.3904 | J38: =TRIM(E38) & TRIM(C38) & TRIM(D38) -> Re-reviewBid Ad GroupSG | K38: =IFERROR(I38*60,"") -> 263.424
A39: Q4'24 | B39: Bid Ads | C39: Bid Ecom URL | D39: CL | E39: First Review | F39: First Review | G39: Bid Ecom URL-CL | I39: 1.7407 | J39: =TRIM(E39) & TRIM(C39) & TRIM(D39) -> First ReviewBid Ecom URLCL | K39: =IFERROR(I39*60,"") -> 104.442
A40: Q4'24 | B40: Bid Ads | C40: Bid Ad Group | D40: EE | E40: Posted Recall | F40: Recall | G40: Bid Ad Group-EE | I40: 3.1858 | J40: =TRIM(E40) & TRIM(C40) & TRIM(D40) -> Posted RecallBid Ad GroupEE | K40: =IFERROR(I40*60,"") -> 191.148
A41: Q4'24 | B41: Bid Ads | C41: Bid Link | D41: BE | E41: First Review | F41: First Review | G41: Bid Link-BE | I41: 0.6947 | J41: =TRIM(E41) & TRIM(C41) & TRIM(D41) -> First ReviewBid LinkBE | K41: =IFERROR(I41*60,"") -> 41.682
A42: Q4'24 | B42: Bid Ads | C42: Bid Image | D42: IQ | E42: First Review | F42: First Review | G42: Bid Image-IQ | I42: 0.3954 | J42: =TRIM(E42) & TRIM(C42) & TRIM(D42) -> First ReviewBid ImageIQ | K42: =IFERROR(I42*60,"") -> 23.724
A43: Q4'24 | B43: Bid Ads | C43: Bid Ecom Ads Group | D43: LT | E43: Posted Recall | F43: Recall | G43: Bid Ecom Ads Group-LT | I43: 4.0945 | J43: =TRIM(E43) & TRIM(C43) & TRIM(D43) -> Posted RecallBid Ecom Ads GroupLT | K43: =IFERROR(I43*60,"") -> 245.67
A44: Q4'24 | B44: Bid Ads | C44: Bid Video | D44: ZA | E44: First Review | F44: First Review | G44: Bid Video-ZA | I44: 2.1283 | J44: =TRIM(E44) & TRIM(C44) & TRIM(D44) -> First ReviewBid VideoZA | K44: =IFERROR(I44*60,"") -> 127.698
A45: Q4'24 | B45: Bid Ads | C45: Bid Text | D45: KH | E45: First Review | F45: First Review | G45: Bid Text-KH | I45: 0.3272 | J45: =TRIM(E45) & TRIM(C45) & TRIM(D45) -> First ReviewBid TextKH | K45: =IFERROR(I45*60,"") -> 19.632
A46: Q4'24 | B46: Bid Ads | C46: Bid Ecom Video | D46: EC | E46: First Review | F46: First Review | G46: Bid Ecom Video-EC | I46: 1.3079 | J46: =TRIM(E46) & TRIM(C46) & TRIM(D46) -> First ReviewBid Ecom VideoEC | K46: =IFERROR(I46*60,"") -> 78.474
A47: Q4'24 | B47: Bid Ads | C47: Bid Ecom Ads Group | D47: AE | E47: Re-review | F47: Re-review | G47: Bid Ecom Ads Group-AE | I47: 6.8545 | J47: =TRIM(E47) & TRIM(C47) & TRIM(D47) -> Re-reviewBid Ecom Ads GroupAE | K47: =IFERROR(I47*60,"") -> 411.27
A48: Q4'24 | B48: Bid Ads | C48: Bid Link | D48: FI | E48: First Review | F48: First Review | G48: Bid Link-FI | I48: 1.2101 | J48: =TRIM(E48) & TRIM(C48) & TRIM(D48) -> First ReviewBid LinkFI | K48: =IFERROR(I48*60,"") -> 72.606
A49: Q4'24 | B49: Bid Ads | C49: Bid Ad Group | D49: HR | E49: First Review | F49: First Review | G49: Bid Ad Group-HR | I49: 2.2969 | J49: =TRIM(E49) & TRIM(C49) & TRIM(D49) -> First ReviewBid Ad GroupHR | K49: =IFERROR(I49*60,"") -> 137.814
... A2678: Q4'24 | B2678: Creator Gen | C2678: Creator Gen Text Safety | D2678: MY | E2678: First Review | F2678: First Review | G2678: Creator Gen Text Safety-MY | I2678: 0.1431 | J2678: =TRIM(E2678) & TRIM(C2678) & TRIM(D2678) -> First ReviewCreator Gen Text SafetyMY | K2678: =IFERROR(I2678*60,"") -> 8.586
A2679: Q4'24 | B2679: Non-Bid Ads | C2679: CFC | E2679: Appeal | F2679: Appeal | G2679: Adv Requirement Task-BR | I2679: 1.0641 | J2679: =TRIM(E2679) & TRIM(C2679) & TRIM(D2679) -> AppealCFC | K2679: =IFERROR(I2679*60,"") -> 63.846
A2680: Q4'24 | B2680: Non-Bid Ads | C2680: CFC | E2680: Appeal | F2680: Appeal | G2680: Video Safety Task-BR | I2680: 0.3503 | J2680: =TRIM(E2680) & TRIM(C2680) & TRIM(D2680) -> AppealCFC | K2680: =IFERROR(I2680*60,"") -> 21.018
A2681: Q4'24 | B2681: Bid Ads | C2681: bid_all | E2681: First Review | F2681: First Review | G2681: Bid Ecom Ads Group-DZ | I2681: 2.2092 | J2681: =TRIM(E2681) & TRIM(C2681) & TRIM(D2681) -> First Reviewbid_all | K2681: =IFERROR(I2681*60,"") -> 132.552
A2682: Q4'24 | B2682: Creative Hub | C2682: Creative Hub App Download Anchor | E2682: First Review | F2682: First Review | G2682: Creative Hub App Download Anchor-MX | I2682: 0.323 | J2682: =TRIM(E2682) & TRIM(C2682) & TRIM(D2682) -> First ReviewCreative Hub App Download Anchor | K2682: =IFERROR(I2682*60,"") -> 19.38
A2683: Q4'24 | B2683: Creative Hub | C2683: Creative Hub Campaign | E2683: First Review | F2683: First Review | G2683: Creative Hub Campaign-BR | I2683: 1.7794 | J2683: =TRIM(E2683) & TRIM(C2683) & TRIM(D2683) -> First ReviewCreative Hub Campaign | K2683: =IFERROR(I2683*60,"") -> 106.764
A2684: Q4'24 | B2684: Creative Hub | C2684: Creative Hub Community Video | E2684: First Review | F2684: First Review | G2684: Creative Hub Community Video-EC | I2684: 1.161 | J2684: =TRIM(E2684) & TRIM(C2684) & TRIM(D2684) -> First ReviewCreative Hub Community Video | K2684: =IFERROR(I2684*60,"") -> 69.66
A2685: Q4'24 | B2685: Creative Hub | C2685: Creative Hub Community Video | E2685: First Review | F2685: First Review | G2685: Creative Hub Community Video-PR | I2685: 0.8934 | J2685: =TRIM(E2685) & TRIM(C2685) & TRIM(D2685) -> First ReviewCreative Hub Community Video | K2685: =IFERROR(I2685*60,"") -> 53.604
A2686: Q4'24 | B2686: Creative Hub | C2686: Creative Hub Video Safety | E2686: First Review | F2686: First Review | G2686: Creative Hub Video Safety-EC | I2686: 0.7449 | J2686: =TRIM(E2686) & TRIM(C2686) & TRIM(D2686) -> First ReviewCreative Hub Video Safety | K2686: =IFERROR(I2686*60,"") -> 44.694
A2687: Q4'24 | B2687: Creative Hub | C2687: Creative Hub Video Safety | E2687: First Review | F2687: First Review | G2687: Creative Hub Video Safety-PR | I2687: 0.8181 | J2687: =TRIM(E2687) & TRIM(C2687) & TRIM(D2687) -> First ReviewCreative Hub Video Safety | K2687: =IFERROR(I2687*60,"") -> 49.086
A2688: Q4'24 | B2688: Non-Bid Ads | C2688: Feature Ads | E2688: First Review | F2688: First Review | G2688: Media Ads-BR | I2688: 10.499 | J2688: =TRIM(E2688) & TRIM(C2688) & TRIM(D2688) -> First ReviewFeature Ads | K2688: =IFERROR(I2688*60,"") -> 629.94
A2689: Q4'24 | B2689: Non-Bid Ads | C2689: Feature Ads | E2689: First Review | F2689: First Review | G2689: Media Ads-DE | I2689: 9.0178 | J2689: =TRIM(E2689) & TRIM(C2689) & TRIM(D2689) -> First ReviewFeature Ads | K2689: =IFERROR(I2689*60,"") -> 541.068
A2690: Q4'24 | B2690: Non-Bid Ads | C2690: Feature Ads | E2690: First Review | F2690: First Review | G2690: Media Ads-EG | I2690: 3.1283 | J2690: =TRIM(E2690) & TRIM(C2690) & TRIM(D2690) -> First ReviewFeature Ads | K2690: =IFERROR(I2690*60,"") -> 187.698
... A2794: Q4'24 | B2794: Trial Install | C2794: Trial Install IOS App | E2794: Recall | F2794: Recall | G2794: Trial Install IOS App-TR | I2794: 8.3718 | J2794: =TRIM(E2794) & TRIM(C2794) & TRIM(D2794) -> RecallTrial Install IOS App | K2794: =IFERROR(I2794*60,"") -> 502.308
A2795: Q4'24 | B2795: RIE | C2795: Actor Integrity - Actor Review | E2795: First Review | G2795: ACE Queue - CA | I2795: 0.9666 | J2795: =TRIM(E2795) & TRIM(C2795) & TRIM(D2795) -> First ReviewActor Integrity - Actor Review | K2795: =IFERROR(I2795*60,"") -> 57.996
A2796: Q4'24 | B2796: Trial Install | C2796: Trial Install IOS App | E2796: Recall | G2796: Trial Install IOS App-BR | I2796: 5.3072 | J2796: =TRIM(E2796) & TRIM(C2796) & TRIM(D2796) -> RecallTrial Install IOS App | K2796: =IFERROR(I2796*60,"") -> 318.432
A2797: Q4'24 | B2797: Trial Install | C2797: Trial Install IOS App | E2797: Recall | G2797: Trial Install IOS App-MX | I2797: 11.7985 | J2797: =TRIM(E2797) & TRIM(C2797) & TRIM(D2797) -> RecallTrial Install IOS App | K2797: =IFERROR(I2797*60,"") -> 707.91
A2798: Q4'24 | B2798: Trial Install | C2798: Trial Install IOS App | E2798: Recall | G2798: Trial Install IOS App-CA | I2798: 13.5096 | J2798: =TRIM(E2798) & TRIM(C2798) & TRIM(D2798) -> RecallTrial Install IOS App | K2798: =IFERROR(I2798*60,"") -> 810.576
A2799: Q4'24 | B2799: Quality | C2799: PVIL 1st round | E2799: First Review | G2799: BE Adv Campaign-BR | I2799: 0.5046 | J2799: =TRIM(E2799) & TRIM(C2799) & TRIM(D2799) -> First ReviewPVIL 1st round | K2799: =IFERROR(I2799*60,"") -> 30.276
A2800: Q4'24 | B2800: Quality | C2800: PVIL 1st round | E2800: First Review | G2800: BE Adv Video-BR | I2800: 0.5038 | J2800: =TRIM(E2800) & TRIM(C2800) & TRIM(D2800) -> First ReviewPVIL 1st round | K2800: =IFERROR(I2800*60,"") -> 30.228
A2801: Q4'24 | B2801: Trial Install | C2801: Trial Install IOS App | E2801: Recall | G2801: Trial Install IOS App-CA | I2801: 12.0541 | J2801: =TRIM(E2801) & TRIM(C2801) & TRIM(D2801) -> RecallTrial Install IOS App | K2801: =IFERROR(I2801*60,"") -> 723.246

Sheet Team Member List
A1: Market | B1: Team Member | C1: TL Name
A2: Indonesia 🇮🇩 | B2: Ivy Tan | C2: TL Ramirez
B3: Elena Petrova | C3: TL Ramirez
B4: Tomas Novotny | C4: TL Ramirez
B5: Talia Rosen | C5: TL Ramirez
B6: Bilal Ahmadi | C6: TL Ramirez
B7: Priya Ramesh | C7: TL Ramirez
B8: Grace Osei | C8: TL Ramirez
B9: Ines Costa | C9: TL Ramirez
B10: Nadia Kowalski | C10: TL Ramirez
B11: Isabelle Laurent | C11: TL Ramirez
B12: Ravi Kapoor | C12: TL Ramirez
A13: Malaysia 🇲🇾 Singapore 🇸🇬 | B13: Hiro Sato | C13: TL Ramirez
B14: Anika Sharma | C14: TL Ramirez
B15: Bram de Vries | C15: TL Ramirez
A16: Vietnam 🇻🇳 | B16: Layla Hassan | C16: TL Lindgren
B17: Farid Rahman | C17: TL Lindgren
B18: Quinn Delacroix | C18: TL Lindgren
B19: Jonas Weber | C19: TL Lindgren
B20: Lucas Ferreira | C20: TL Lindgren
B21: Diego Alvarez | C21: TL Lindgren
B22: Haruto Kimura | C22: TL Lindgren
B23: Freya Lindqvist | C23: TL Lindgren
B24: Mira Chandra | C24: TL Lindgren
B25: Amira Haddad | C25: TL Lindgren
B26: Noah Bergstrom | C26: TL Lindgren
A27: Australia 🇦🇺 New Zealand 🇳🇿 | B27: Mei Lin Chua | C27: TL Lindgren
B28: Yuki Tanaka | C28: TL Lindgren
B29: Leo Marchetti | C29: TL Lindgren
B30: Olga Sokolova | C30: TL Lindgren
B31: Kenji Watanabe | C31: TL Lindgren
A32: Japan 🇯🇵 (JP Time) | B32: Omar Fathi | C32: TL Okafor
B33: Sanne Bakker | C33: TL Okafor
B34: Beatriz Souza | C34: TL Okafor
B35: Ingrid Larsen | C35: TL Okafor
A36: Korea 🇰🇷 | B36: Theo Andersson | C36: TL Okafor
A37: Cambodia 🇰🇭 | B37: Aleksander Kovac | C37: TL Okafor
A38: Taiwan 🇹🇼 Hong Kong 🇭🇰 | B38: Kaia Nilsen | C38: TL Okafor
B39: Wei Chen | C39: TL Okafor
B40: Mateus Silva | C40: TL Okafor
A41: Philippines 🇵🇭 | B41: Sofia Novak | C41: TL Okafor
B42: Felix Brandt | C42: TL Okafor
B43: Zara Iqbal | C43: TL Okafor
B44: Dimitri Volkov | C44: TL Okafor
A45: Thailand 🇹🇭 | B45: Rafael Torres | C45: TL Okafor
B46: Chloe Martin | C46: TL Okafor
A47: SME [APAC] | B47: Pieter Janssen | C47: TL Cabrera
B48: Giulia Romano | C48: TL Cabrera
B49: Jamal Osei | C49: TL Cabrera
B50: Naledi Dlamini | C50: TL Cabrera
B51: Camille Dubois | C51: TL Cabrera
B52: Nikolai Petrov | C52: TL Cabrera
B53: Andres Molina | C53: TL Cabrera
B54: Selin Yildiz | C54: TL Cabrera
A55: QC | B55: Esther Adeyemi | C55: TL Cabrera
B56: Arjun Mehta | C56: TL Cabrera
B57: Maya Santoso | C57: TL Cabrera
B58: Charlotte Reyes | C58: TL Cabrera
B59: Paolo Ricci | C59: TL Cabrera
A60: Analyst | B60: Ryo Fujimoto | C60: TL Cabrera

Sheet W47
A1: Notes: Summary of specialist AHT for tickets exceeding target (sample data)
A2: Color Scheme: RED text when AHT does not meet the WFM target
A3: Audit Stage | B3: Audit Stage | C3: Name | D3: Name (Refer) | E3: product_level1_name | F3: product_level2_name | G3: product_level2_name | H3: delivery_country | I3: Helper | J3: AHT Target (sec) (WFM) | K3: 2024-W47(11/18~11/24) | M3: Meet Target | N3: TL Name | O3: Reference Link
K4: AHT (sec) | L4: Average Video Duration (sec)
A5: First Review | C5: Nikolai Petrov | D5: Nikolai Petrov | E5: Feature Ads | F5: Highlight View | G5: Highlight View | H5: TH | I5: =TRIM(A5) & TRIM(F5) & TRIM(H5) -> First ReviewHighlight ViewTH | J5: =IFERROR(VLOOKUP(I5,'WFM Q4 Target'!J:K,2,0),"-") -> 225.126 | K5: 4278.1458 | L5: 0 | M5: =IFERROR(IF(K5>J5,"Not Meet Target","Meet Target"),"-") -> Not Meet Target | N5: =IFERROR(VLOOKUP(D5,'Team Member List'!B:C,2,0),"") -> TL Cabrera | O5: View ticket
A6: First Review | C6: Pieter Janssen | D6: Pieter Janssen | E6: Bid Ads | F6: Bid Ad Group | G6: Bid Ad Group | H6: KR | I6: =TRIM(A6) & TRIM(F6) & TRIM(H6) -> First ReviewBid Ad GroupKR | J6: =IFERROR(VLOOKUP(I6,'WFM Q4 Target'!J:K,2,0),"-") -> 136.11 | K6: 1866.8485 | L6: 1959.1291 | M6: =IFERROR(IF(K6>J6,"Not Meet Target","Meet Target"),"-") -> Not Meet Target | N6: =IFERROR(VLOOKUP(D6,'Team Member List'!B:C,2,0),"") -> TL Cabrera | O6: View ticket
A7: First Review | C7: Chloe Martin | D7: Chloe Martin | E7: Bid Ads | F7: Bid Ad Group | G7: Bid Ad Group | H7: TH | I7: =TRIM(A7) & TRIM(F7) & TRIM(H7) -> First ReviewBid Ad GroupTH | J7: =IFERROR(VLOOKUP(I7,'WFM Q4 Target'!J:K,2,0),"-") -> 99.684 | K7: 698.0773 | L7: 49.4126 | M7: =IFERROR(IF(K7>J7,"Not Meet Target","Meet Target"),"-") -> Not Meet Target | N7: =IFERROR(VLOOKUP(D7,'Team Member List'!B:C,2,0),"") -> TL Okafor | O7: View ticket
A8: First Review | C8: Jonas Weber | D8: Jonas Weber | E8: Feature Ads | F8: EST | G8: EST | H8: VN | I8: =TRIM(A8) & TRIM(F8) & TRIM(H8) -> First ReviewESTVN | J8: =IFERROR(VLOOKUP(I8,'WFM Q4 Target'!J:K,2,0),"-") -> - | K8: 624.274 | L8: 0 | M8: =IFERROR(IF(K8>J8,"Not Meet Target","Meet Target"),"-") -> Meet Target | N8: =IFERROR(VLOOKUP(D8,'Team Member List'!B:C,2,0),"") -> TL Lindgren | O8: View ticket
A9: First Review | D9: Jonas Weber | F9: Highlight View | G9: Highlight View | H9: VN | I9: =TRIM(A9) & TRIM(F9) & TRIM(H9) -> First ReviewHighlight ViewVN | J9: =IFERROR(VLOOKUP(I9,'WFM Q4 Target'!J:K,2,0),"-") -> 286.158 | K9: 1617.4814 | L9: 7.9403 | M9: =IFERROR(IF(K9>J9,"Not Meet Target","Meet Target"),"-") -> Not Meet Target | N9: =IFERROR(VLOOKUP(D9,'Team Member List'!B:C,2,0),"") -> TL Lindgren | O9: View ticket
A10: First Review | C10: Lucas Ferreira | D10: Lucas Ferreira | E10: Bid Ads | F10: Bid Ad Group | G10: Bid Ad Group | H10: VN | I10: =TRIM(A10) & TRIM(F10) & TRIM(H10) -> First ReviewBid Ad GroupVN | J10: =IFERROR(VLOOKUP(I10,'WFM Q4 Target'!J:K,2,0),"-") -> 220.83 | K10: 713.4724 | L10: 103.5137 | M10: =IFERROR(IF(K10>J10,"Not Meet Target","Meet Target"),"-") -> Not Meet Target | N10: =IFERROR(VLOOKUP(D10,'Team Member List'!B:C,2,0),"") -> TL Lindgren | O10: View ticket
A11: First Review | D11: Lucas Ferreira | E11: Feature Ads | F11: Highlight View | G11: Highlight View | H11: VN | I11: =TRIM(A11) & TRIM(F11) & TRIM(H11) -> First ReviewHighlight ViewVN | J11: =IFERROR(VLOOKUP(I11,'WFM Q4 Target'!J:K,2,0),"-") -> 286.158 | K11: 977.2672 | L11: 0 | M11: =IFERROR(IF(K11>J11,"Not Meet Target","Meet Target"),"-") -> Not Meet Target | N11: =IFERROR(VLOOKUP(D11,'Team Member List'!B:C,2,0),"") -> TL Lindgren | O11: View ticket
A12: First Review | C12: Sanne Bakker | D12: Sanne Bakker | E12: Bid Ads | F12: Bid Ecom Ads Group | G12: Bid Ecom Ads Group | H12: JP | I12: =TRIM(A12) & TRIM(F12) & TRIM(H12) -> First ReviewBid Ecom Ads GroupJP | J12: =IFERROR(VLOOKUP(I12,'WFM Q4 Target'!J:K,2,0),"-") -> 118.404 | K12: 2896.5211 | L12: 0 | M12: =IFERROR(IF(K12>J12,"Not Meet Target","Meet Target"),"-") -> Not Meet Target | N12: =IFERROR(VLOOKUP(D12,'Team Member List'!B:C,2,0),"") -> TL Okafor | O12: View ticket
A13: First Review | D13: Sanne Bakker | E13: Quest | F13: Quest Adv Video | G13: Quest Adv Video | H13: JP | I13: =TRIM(A13) & TRIM(F13) & TRIM(H13) -> First ReviewQuest Adv VideoJP | J13: =IFERROR(VLOOKUP(I13,'WFM Q4 Target'!J:K,2,0),"-") -> 11.058 | K13: 402.9425 | L13: 4.5733 | M13: =IFERROR(IF(K13>J13,"Not Meet Target","Meet Target"),"-") -> Not Meet Target | N13: =IFERROR(VLOOKUP(D13,'Team Member List'!B:C,2,0),"") -> TL Okafor | O13: View ticket
A14: First Review | C14: Camille Dubois | D14: Camille Dubois | E14: Bid Ads | F14: Bid Ad Group | G14: Bid Ad Group | H14: MY | I14: =TRIM(A14) & TRIM(F14) & TRIM(H14) -> First ReviewBid Ad GroupMY | J14: =IFERROR(VLOOKUP(I14,'WFM Q4 Target'!J:K,2,0),"-") -> 108.99 | K14: 3135.6527 | L14: 88.437 | M14: =IFERROR(IF(K14>J14,"Not Meet Target","Meet Target"),"-") -> Not Meet Target | N14: =IFERROR(VLOOKUP(D14,'Team Member List'!B:C,2,0),"") -> TL Cabrera | O14: View ticket
A15: First Review | D15: Camille Dubois | E15: Feature Ads | F15: Booking Ads Pre Approval | G15: Booking Ads Pre Approval | H15: SG | I15: =TRIM(A15) & TRIM(F15) & TRIM(H15) -> First ReviewBooking Ads Pre ApprovalSG | J15: =IFERROR(VLOOKUP(I15,'WFM Q4 Target'!J:K,2,0),"-") -> 59.52 | K15: 460.1084 | L15: 27.2474 | M15: =IFERROR(IF(K15>J15,"Not Meet Target","Meet Target"),"-") -> Not Meet Target | N15: =IFERROR(VLOOKUP(D15,'Team Member List'!B:C,2,0),"") -> TL Cabrera | O15: View ticket
A16: First Review | D16: Camille Dubois | E16: Quest | F16: HTC Adv Campaign | G16: HTC Adv Campaign | H16: PH | I16: =TRIM(A16) & TRIM(F16) & TRIM(H16) -> First ReviewHTC Adv CampaignPH | J16: =IFERROR(VLOOKUP(I16,'WFM Q4 Target'!J:K,2,0),"-") -> 142.656 | K16: 732.8054 | L16: 0 | M16: =IFERROR(IF(K16>J16,"Not Meet Target","Meet Target"),"-") -> Not Meet Target | N16: =IFERROR(VLOOKUP(D16,'Team Member List'!B:C,2,0),"") -> TL Cabrera | O16: View ticket
A17: First Review | C17: Amira Haddad | D17: Amira Haddad | E17: Bid Ads | F17: Bid Ad Group | G17: Bid Ad Group | H17: VN | I17: =TRIM(A17) & TRIM(F17) & TRIM(H17) -> First ReviewBid Ad GroupVN | J17: =IFERROR(VLOOKUP(I17,'WFM Q4 Target'!J:K,2,0),"-") -> 220.83 | K17: 407.3021 | L17: 23.0964 | M17: =IFERROR(IF(K17>J17,"Not Meet Target","Meet Target"),"-") -> Not Meet Target | N17: =IFERROR(VLOOKUP(D17,'Team Member List'!B:C,2,0),"") -> TL Lindgren | O17: View ticket
A18: First Review | C18: Mateus Silva | D18: Mateus Silva | E18: Bid Ads | F18: Bid Ad Group | G18: Bid Ad Group | H18: TW | I18: =TRIM(A18) & TRIM(F18) & TRIM(H18) -> First ReviewBid Ad GroupTW | J18: =IFERROR(VLOOKUP(I18,'WFM Q4 Target'!J:K,2,0),"-") -> 224.148 | K18: 1303.0493 | L18: 127.4836 | M18: =IFERROR(IF(K18>J18,"Not Meet Target","Meet Target"),"-") -> Not Meet Target | N18: =IFERROR(VLOOKUP(D18,'Team Member List'!B:C,2,0),"") -> TL Okafor | O18: View ticket
A19: First Review | D19: Mateus Silva | F19: Bid Link | G19: Bid Link | H19: TW | I19: =TRIM(A19) & TRIM(F19) & TRIM(H19) -> First ReviewBid LinkTW | J19: =IFERROR(VLOOKUP(I19,'WFM Q4 Target'!J:K,2,0),"-") -> 150.258 | K19: 378.5848 | L19: 0 | M19: =IFERROR(IF(K19>J19,"Not Meet Target","Meet Target"),"-") -> Not Meet Target | N19: =IFERROR(VLOOKUP(D19,'Team Member List'!B:C,2,0),"") -> TL Okafor | O19: View ticket
A20: First Review | C20: Elena Petrova | D20: Elena Petrova | E20: Bid Ads | F20: Bid Ad Group | G20: Bid Ad Group | H20: ID | I20: =TRIM(A20) & TRIM(F20) & TRIM(H20) -> First ReviewBid Ad GroupID | J20: =IFERROR(VLOOKUP(I20,'WFM Q4 Target'!J:K,2,0),"-") -> 118.062 | K20: 315.7202 | L20: 145.4062 | M20: =IFERROR(IF(K20>J20,"Not Meet Target","Meet Target"),"-") -> Not Meet Target | N20: =IFERROR(VLOOKUP(D20,'Team Member List'!B:C,2,0),"") -> TL Ramirez | O20: View ticket
A21: First Review | D21: Elena Petrova | F21: Bid Ecom Ads Group | G21: Bid Ecom Ads Group | H21: ID | I21: =TRIM(A21) & TRIM(F21) & TRIM(H21) -> First ReviewBid Ecom Ads GroupID | J21: =IFERROR(VLOOKUP(I21,'WFM Q4 Target'!J:K,2,0),"-") -> 155.28 | K21: 341.3113 | L21: 26.0491 | M21: =IFERROR(IF(K21>J21,"Not Meet Target","Meet Target"),"-") -> Not Meet Target | N21: =IFERROR(VLOOKUP(D21,'Team Member List'!B:C,2,0),"") -> TL Ramirez | O21: View ticket
A22: First Review | C22: Ines Costa | D22: Ines Costa | E22: Bid Ads | F22: Bid Ad Group | G22: Bid Ad Group | H22: CO | I22: =TRIM(A22) & TRIM(F22) & TRIM(H22) -> First ReviewBid Ad GroupCO | J22: =IFERROR(VLOOKUP(I22,'WFM Q4 Target'!J:K,2,0),"-") -> 107.178 | K22: 419.7613 | L22: 412.6696 | M22: =IFERROR(IF(K22>J22,"Not Meet Target","Meet Target"),"-") -> Not Meet Target | N22: =IFERROR(VLOOKUP(D22,'Team Member List'!B:C,2,0),"") -> TL Ramirez | O22: View ticket
A23: First Review | D23: Ines Costa | F23: Bid Ecom Ads Group | G23: Bid Ecom Ads Group | H23: AU | I23: =TRIM(A23) & TRIM(F23) & TRIM(H23) -> First ReviewBid Ecom Ads GroupAU | J23: =IFERROR(VLOOKUP(I23,'WFM Q4 Target'!J:K,2,0),"-") -> 157.866 | K23: 273.7362 | L23: 117.483 | M23: =IFERROR(IF(K23>J23,"Not Meet Target","Meet Target"),"-") -> Not Meet Target | N23: =IFERROR(VLOOKUP(D23,'Team Member List'!B:C,2,0),"") -> TL Ramirez | O23: View ticket
A24: First Review | D24: Ines Costa | E24: Feature Ads | F24: Highlight View | G24: Highlight View | H24: PK | I24: =TRIM(A24) & TRIM(F24) & TRIM(H24) -> First ReviewHighlight ViewPK | J24: =IFERROR(VLOOKUP(I24,'WFM Q4 Target'!J:K,2,0),"-") -> 778.074 | K24: 1502.5033 | L24: 0 | M24: =IFERROR(IF(K24>J24,"Not Meet Target","Meet Target"),"-") -> Not Meet Target | N24: =IFERROR(VLOOKUP(D24,'Team Member List'!B:C,2,0),"") -> TL Ramirez | O24: View ticket
A25: First Review | C25: Talia Rosen | D25: Talia Rosen | E25: Feature Ads | F25: Booking Ads Pre Approval | G25: Booking Ads Pre Approval | H25: CO | I25: =TRIM(A25) & TRIM(F25) & TRIM(H25) -> First ReviewBooking Ads Pre ApprovalCO | J25: =IFERROR(VLOOKUP(I25,'WFM Q4 Target'!J:K,2,0),"-") -> 1126.626 | K25: 1343.147 | L25: 15.6439 | M25: =IFERROR(IF(K25>J25,"Not Meet Target","Meet Target"),"-") -> Not Meet Target | N25: =IFERROR(VLOOKUP(D25,'Team Member List'!B:C,2,0),"") -> TL Ramirez | O25: View ticket
A26: First Review | D26: Talia Rosen | F26: Booking Ads Pre Approval | H26: ID | I26: =TRIM(A26) & TRIM(F26) & TRIM(H26) -> First ReviewBooking Ads Pre ApprovalID | J26: =IFERROR(VLOOKUP(I26,'WFM Q4 Target'!J:K,2,0),"-") -> 271.992 | K26: 269.2419 | L26: 7.9742 | M26: =IFERROR(IF(K26>J26,"Not Meet Target","Meet Target"),"-") -> Meet Target | N26: =IFERROR(VLOOKUP(D26,'Team Member List'!B:C,2,0),"") -> TL Ramirez | O26: View ticket
A27: First Review | D27: Talia Rosen | F27: Highlight View | G27: Highlight View | H27: ID | I27: =TRIM(A27) & TRIM(F27) & TRIM(H27) -> First ReviewHighlight ViewID | J27: =IFERROR(VLOOKUP(I27,'WFM Q4 Target'!J:K,2,0),"-") -> 590.502 | K27: 647.1086 | L27: 0 | M27: =IFERROR(IF(K27>J27,"Not Meet Target","Meet Target"),"-") -> Not Meet Target | N27: =IFERROR(VLOOKUP(D27,'Team Member List'!B:C,2,0),"") -> TL Ramirez | O27: View ticket
A28: First Review | D28: Talia Rosen | E28: Quest | F28: Quest Adv Video | G28: Quest Adv Video | H28: US | I28: =TRIM(A28) & TRIM(F28) & TRIM(H28) -> First ReviewQuest Adv VideoUS | J28: =IFERROR(VLOOKUP(I28,'WFM Q4 Target'!J:K,2,0),"-") -> 99.006 | K28: 1804.4199 | L28: 4.777 | M28: =IFERROR(IF(K28>J28,"Not Meet Target","Meet Target"),"-") -> Not Meet Target | N28: =IFERROR(VLOOKUP(D28,'Team Member List'!B:C,2,0),"") -> TL Ramirez | O28: View ticket
A29: First Review | C29: Kaia Nilsen | D29: Kaia Nilsen | E29: Bid Ads | F29: Bid Ecom Ads Group | G29: Bid Ecom Ads Group | H29: TW | I29: =TRIM(A29) & TRIM(F29) & TRIM(H29) -> First ReviewBid Ecom Ads GroupTW | J29: =IFERROR(VLOOKUP(I29,'WFM Q4 Target'!J:K,2,0),"-") -> 256.572 | K29: 945.4452 | L29: 62.5084 | M29: =IFERROR(IF(K29>J29,"Not Meet Target","Meet Target"),"-") -> Not Meet Target | N29: =IFERROR(VLOOKUP(D29,'Team Member List'!B:C,2,0),"") -> TL Okafor | O29: View ticket
A30: First Review | D30: Kaia Nilsen | E30: Feature Ads | F30: Highlight View | G30: Highlight View | H30: TW | I30: =TRIM(A30) & TRIM(F30) & TRIM(H30) -> First ReviewHighlight ViewTW | J30: =IFERROR(VLOOKUP(I30,'WFM Q4 Target'!J:K,2,0),"-") -> 261.162 | K30: 209.2389 | L30: 0 | M30: =IFERROR(IF(K30>J30,"Not Meet Target","Meet Target"),"-") -> Meet Target | N30: =IFERROR(VLOOKUP(D30,'Team Member List'!B:C,2,0),"") -> TL Okafor | O30: View ticket
A31: First Review | C31: Noah Bergstrom | D31: Noah Bergstrom | E31: Bid Ads | F31: Bid Ecom Ads Group | G31: Bid Ecom Ads Group | H31: VN | I31: =TRIM(A31) & TRIM(F31) & TRIM(H31) -> First ReviewBid Ecom Ads GroupVN | J31: =IFERROR(VLOOKUP(I31,'WFM Q4 Target'!J:K,2,0),"-") -> 414.828 | K31: 202.6333 | L31: 44.0205 | M31: =IFERROR(IF(K31>J31,"Not Meet Target","Meet Target"),"-") -> Meet Target | N31: =IFERROR(VLOOKUP(D31,'Team Member List'!B:C,2,0),"") -> TL Lindgren | O31: View ticket
A32: First Review | C32: Diego Alvarez | D32: Diego Alvarez | E32: Feature Ads | F32: Booking Ads Pre Approval | G32: Booking Ads Pre Approval | H32: VN | I32: =TRIM(A32) & TRIM(F32) & TRIM(H32) -> First ReviewBooking Ads Pre ApprovalVN | J32: =IFERROR(VLOOKUP(I32,'WFM Q4 Target'!J:K,2,0),"-") -> 213.222 | K32: 253.0166 | L32: 21.7849 | M32: =IFERROR(IF(K32>J32,"Not Meet Target","Meet Target"),"-") -> Not Meet Target | N32: =IFERROR(VLOOKUP(D32,'Team Member List'!B:C,2,0),"") -> TL Lindgren | O32: View ticket
A33: First Review | C33: Mei Lin Chua | D33: Mei Lin Chua | E33: Bid Ads | F33: Bid Ad Group | G33: Bid Ad Group | H33: AU | I33: =TRIM(A33) & TRIM(F33) & TRIM(H33) -> First ReviewBid Ad GroupAU | J33: =IFERROR(VLOOKUP(I33,'WFM Q4 Target'!J:K,2,0),"-") -> 88.71 | K33: 578.4252 | L33: 230.3409 | M33: =IFERROR(IF(K33>J33,"Not Meet Target","Meet Target"),"-") -> Not Meet Target | N33: =IFERROR(VLOOKUP(D33,'Team Member List'!B:C,2,0),"") -> TL Lindgren | O33: View ticket
A34: First Review | D34: Mei Lin Chua | E34: Feature Ads | F34: Highlight View | G34: Highlight View | H34: AE | I34: =TRIM(A34) & TRIM(F34) & TRIM(H34) -> First ReviewHighlight ViewAE | J34: =IFERROR(VLOOKUP(I34,'WFM Q4 Target'!J:K,2,0),"-") -> 6.33 | K34: 306.9859 | L34: 0 | M34: =IFERROR(IF(K34>J34,"Not Meet Target","Meet Target"),"-") -> Not Meet Target | N34: =IFERROR(VLOOKUP(D34,'Team Member List'!B:C,2,0),"") -> TL Lindgren | O34: View ticket
A35: First Review | D35: Mei Lin Chua | F35: Highlight View | H35: SA | I35: =TRIM(A35) & TRIM(F35) & TRIM(H35) -> First ReviewHighlight ViewSA | J35: =IFERROR(VLOOKUP(I35,'WFM Q4 Target'!J:K,2,0),"-") -> 778.374 | K35: 271.1107 | L35: 0 | M35: =IFERROR(IF(K35>J35,"Not Meet Target","Meet Target"),"-") -> Meet Target | N35: =IFERROR(VLOOKUP(D35,'Team Member List'!B:C,2,0),"") -> TL Lindgren | O35: View ticket
A36: First Review | C36: Theo Andersson | D36: Theo Andersson | E36: Feature Ads | F36: EST | G36: EST | H36: KR | I36: =TRIM(A36) & TRIM(F36) & TRIM(H36) -> First ReviewESTKR | J36: =IFERROR(VLOOKUP(I36,'WFM Q4 Target'!J:K,2,0),"-") -> - | K36: 178.9519 | L36: 0 | M36: =IFERROR(IF(K36>J36,"Not Meet Target","Meet Target"),"-") -> Meet Target | N36: =IFERROR(VLOOKUP(D36,'Team Member List'!B:C,2,0),"") -> TL Okafor | O36: View ticket
A37: First Review | C37: Nadia Kowalski | D37: Nadia Kowalski | E37: Bid Ads | F37: Bid Ad Group | G37: Bid Ad Group | H37: ID | I37: =TRIM(A37) & TRIM(F37) & TRIM(H37) -> First ReviewBid Ad GroupID | J37: =IFERROR(VLOOKUP(I37,'WFM Q4 Target'!J:K,2,0),"-") -> 118.062 | K37: 218.528 | L37: 162.5757 | M37: =IFERROR(IF(K37>J37,"Not Meet Target","Meet Target"),"-") -> Not Meet Target | N37: =IFERROR(VLOOKUP(D37,'Team Member List'!B:C,2,0),"") -> TL Ramirez | O37: View ticket
A38: First Review | D38: Nadia Kowalski | F38: Bid Ecom Ads Group | G38: Bid Ecom Ads Group | H38: ID | I38: =TRIM(A38) & TRIM(F38) & TRIM(H38) -> First ReviewBid Ecom Ads GroupID | J38: =IFERROR(VLOOKUP(I38,'WFM Q4 Target'!J:K,2,0),"-") -> 155.28 | K38: 460.8002 | L38: 117.0219 | M38: =IFERROR(IF(K38>J38,"Not Meet Target","Meet Target"),"-") -> Not Meet Target | N38: =IFERROR(VLOOKUP(D38,'Team Member List'!B:C,2,0),"") -> TL Ramirez | O38: View ticket
A39: First Review | C39: Sofia Novak | D39: Sofia Novak | E39: Bid Ads | F39: Bid Ad Group | G39: Bid Ad Group | H39: PH | I39: =TRIM(A39) & TRIM(F39) & TRIM(H39) -> First ReviewBid Ad GroupPH | J39: =IFERROR(VLOOKUP(I39,'WFM Q4 Target'!J:K,2,0),"-") -> 81.798 | K39: 204.2162 | L39: 121.8561 | M39: =IFERROR(IF(K39>J39,"Not Meet Target","Meet Target"),"-") -> Not Meet Target | N39: =IFERROR(VLOOKUP(D39,'Team Member List'!B:C,2,0),"") -> TL Okafor | O39: View ticket
A40: First Review | D40: Sofia Novak | F40: Bid Ecom Ads Group | G40: Bid Ecom Ads Group | H40: PH | I40: =TRIM(A40) & TRIM(F40) & TRIM(H40) -> First ReviewBid Ecom Ads GroupPH | J40: =IFERROR(VLOOKUP(I40,'WFM Q4 Target'!J:K,2,0),"-") -> 106.374 | K40: 486.1408 | L40: 35.5436 | M40: =IFERROR(IF(K40>J40,"Not Meet Target","Meet Target"),"-") -> Not Meet Target | N40: =IFERROR(VLOOKUP(D40,'Team Member List'!B:C,2,0),"") -> TL Okafor | O40: View ticket
A41: First Review | D41: Sofia Novak | E41: Feature Ads | F41: Highlight View | G41: Highlight View | H41: CZ | I41: =TRIM(A41) & TRIM(F41) & TRIM(H41) -> First ReviewHighlight ViewCZ | J41: =IFERROR(VLOOKUP(I41,'WFM Q4 Target'!J:K,2,0),"-") -> 6.51 | K41: 1136.7606 | L41: 30.1945 | M41: =IFERROR(IF(K41>J41,"Not Meet Target","Meet Target"),"-") -> Not Meet Target | N41: =IFERROR(VLOOKUP(D41,'Team Member List'!B:C,2,0),"") -> TL Okafor | O41: View ticket
A42: First Review | D42: Sofia Novak | F42: Highlight View | H42: TH | I42: =TRIM(A42) & TRIM(F42) & TRIM(H42) -> First ReviewHighlight ViewTH | J42: =IFERROR(VLOOKUP(I42,'WFM Q4 Target'!J:K,2,0),"-") -> 225.126 | K42: 204.7338 | L42: 19.5812 | M42: =IFERROR(IF(K42>J42,"Not Meet Target","Meet Target"),"-") -> Meet Target | N42: =IFERROR(VLOOKUP(D42,'Team Member List'!B:C,2,0),"") -> TL Okafor | O42: View ticket
A43: First Review | D43: Sofia Novak | E43: Quest | F43: HTC Adv Campaign | G43: HTC Adv Campaign | H43: PH | I43: =TRIM(A43) & TRIM(F43) & TRIM(H43) -> First ReviewHTC Adv CampaignPH | J43: =IFERROR(VLOOKUP(I43,'WFM Q4 Target'!J:K,2,0),"-") -> 142.656 | K43: 199.8968 | L43: 0 | M43: =IFERROR(IF(K43>J43,"Not Meet Target","Meet Target"),"-") -> Not Meet Target | N43: =IFERROR(VLOOKUP(D43,'Team Member List'!B:C,2,0),"") -> TL Okafor | O43: View ticket
A44: First Review | C44: Farid Rahman | D44: Farid Rahman | E44: Creator Gen | F44: Creator Gen Video Tiktok Requirement | G44: Creator Gen Video Tiktok Requirement | H44: VN | I44: =TRIM(A44) & TRIM(F44) & TRIM(H44) -> First ReviewCreator Gen Video Tiktok RequirementVN | J44: =IFERROR(VLOOKUP(I44,'WFM Q4 Target'!J:K,2,0),"-") -> 80.772 | K44: 173.8879 | L44: 41.9576 | M44: =IFERROR(IF(K44>J44,"Not Meet Target","Meet Target"),"-") -> Not Meet Target | N44: =IFERROR(VLOOKUP(D44,'Team Member List'!B:C,2,0),"") -> TL Lindgren | O44: View ticket
A45: First Review | C45: Bram de Vries | D45: Bram de Vries | E45: Bid Ads | F45: Bid Ecom Ads Group | G45: Bid Ecom Ads Group | H45: MY | I45: =TRIM(A45) & TRIM(F45) & TRIM(H45) -> First ReviewBid Ecom Ads GroupMY | J45: =IFERROR(VLOOKUP(I45,'WFM Q4 Target'!J:K,2,0),"-") -> 148.482 | K45: 151.3398 | L45: 26.2824 | M45: =IFERROR(IF(K45>J45,"Not Meet Target","Meet Target"),"-") -> Not Meet Target | N45: =IFERROR(VLOOKUP(D45,'Team Member List'!B:C,2,0),"") -> TL Ramirez | O45: View ticket
A46: First Review | D46: Bram de Vries | E46: Feature Ads | F46: Booking Ads Pre Approval | G46: Booking Ads Pre Approval | H46: SG | I46: =TRIM(A46) & TRIM(F46) & TRIM(H46) -> First ReviewBooking Ads Pre ApprovalSG | J46: =IFERROR(VLOOKUP(I46,'WFM Q4 Target'!J:K,2,0),"-") -> 59.52 | K46: 160.4682 | L46: 36.4277 | M46: =IFERROR(IF(K46>J46,"Not Meet Target","Meet Target"),"-") -> Not Meet Target | N46: =IFERROR(VLOOKUP(D46,'Team Member List'!B:C,2,0),"") -> TL Ramirez | O46: View ticket
A47: First Review | D47: Bram de Vries | E47: Quest | F47: HTC Adv Video | G47: HTC Adv Video | H47: MY | I47: =TRIM(A47) & TRIM(F47) & TRIM(H47) -> First ReviewHTC Adv VideoMY | J47: =IFERROR(VLOOKUP(I47,'WFM Q4 Target'!J:K,2,0),"-") -> - | K47: 218.0905 | L47: 109.1834 | M47: =IFERROR(IF(K47>J47,"Not Meet Target","Meet Target"),"-") -> Meet Target | N47: =IFERROR(VLOOKUP(D47,'Team Member List'!B:C,2,0),"") -> TL Ramirez | O47: View ticket
A48: First Review | C48: Priya Ramesh | D48: Priya Ramesh | E48: Bid Ads | F48: Bid Ad Group | G48: Bid Ad Group | H48: ID | I48: =TRIM(A48) & TRIM(F48) & TRIM(H48) -> First ReviewBid Ad GroupID | J48: =IFERROR(VLOOKUP(I48,'WFM Q4 Target'!J:K,2,0),"-") -> 118.062 | K48: 144.5434 | L48: 136.2149 | M48: =IFERROR(IF(K48>J48,"Not Meet Target","Meet Target"),"-") -> Not Meet Target | N48: =IFERROR(VLOOKUP(D48,'Team Member List'!B:C,2,0),"") -> TL Ramirez | O48: View ticket
A49: First Review | D49: Priya Ramesh | E49: Feature Ads | F49: Reach & Frequency | G49: Reach & Frequency | H49: ID | I49: =TRIM(A49) & TRIM(F49) & TRIM(H49) -> First ReviewReach & FrequencyID | J49: =IFERROR(VLOOKUP(I49,'WFM Q4 Target'!J:K,2,0),"-") -> - | K49: 343.3486 | L49: 386.8352 | M49: =IFERROR(IF(K49>J49,"Not Meet Target","Meet Target"),"-") -> Meet Target | N49: =IFERROR(VLOOKUP(D49,'Team Member List'!B:C,2,0),"") -> TL Ramirez | O49: View ticket
A50: First Review | C50: Maya Santoso | D50: Maya Santoso | E50: Feature Ads | F50: Booking Ads Pre Approval | G50: Booking Ads Pre Approval | H50: MY | I50: =TRIM(A50) & TRIM(F50) & TRIM(H50) -> First ReviewBooking Ads Pre ApprovalMY | J50: =IFERROR(VLOOKUP(I50,'WFM Q4 Target'!J:K,2,0),"-") -> 91.824 | K50: 336.3331 | L50: 15.1572 | M50: =IFERROR(IF(K50>J50,"Not Meet Target","Meet Target"),"-") -> Not Meet Target | N50: =IFERROR(VLOOKUP(D50,'Team Member List'!B:C,2,0),"") -> TL Cabrera | O50: View ticket
A51: First Review | D51: Maya Santoso | F51: Highlight View | G51: Highlight View | H51: ID | I51: =TRIM(A51) & TRIM(F51) & TRIM(H51) -> First ReviewHighlight ViewID | J51: =IFERROR(VLOOKUP(I51,'WFM Q4 Target'!J:K,2,0),"-") -> 590.502 | K51: 218.9067 | L51: 0 | M51: =IFERROR(IF(K51>J51,"Not Meet Target","Meet Target"),"-") -> Meet Target | N51: =IFERROR(VLOOKUP(D51,'Team Member List'!B:C,2,0),"") -> TL Cabrera | O51: View ticket
A52: First Review | D52: Maya Santoso | F52: Highlight View | H52: MY | I52: =TRIM(A52) & TRIM(F52) & TRIM(H52) -> First ReviewHighlight ViewMY | J52: =IFERROR(VLOOKUP(I52,'WFM Q4 Target'!J:K,2,0),"-") -> 242.28 | K52: 142.949 | L52: 0 | M52: =IFERROR(IF(K52>J52,"Not Meet Target","Meet Target"),"-") -> Meet Target | N52: =IFERROR(VLOOKUP(D52,'Team Member List'!B:C,2,0),"") -> TL Cabrera | O52: View ticket
A53: First Review | D53: Maya Santoso | F53: Highlight View | H53: PH | I53: =TRIM(A53) & TRIM(F53) & TRIM(H53) -> First ReviewHighlight ViewPH | J53: =IFERROR(VLOOKUP(I53,'WFM Q4 Target'!J:K,2,0),"-") -> 469.32 | K53: 254.8827 | L53: 0 | M53: =IFERROR(IF(K53>J53,"Not Meet Target","Meet Target"),"-") -> Meet Target | N53: =IFERROR(VLOOKUP(D53,'Team Member List'!B:C,2,0),"") -> TL Cabrera | O53: View ticket
A54: First Review | C54: Dimitri Volkov | D54: Dimitri Volkov | E54: Quest | F54: Quest Adv Video | G54: Quest Adv Video | H54: PH | I54: =TRIM(A54) & TRIM(F54) & TRIM(H54) -> First ReviewQuest Adv VideoPH | J54: =IFERROR(VLOOKUP(I54,'WFM Q4 Target'!J:K,2,0),"-") -> 13.278 | K54: 119.262 | L54: 17.9053 | M54: =IFERROR(IF(K54>J54,"Not Meet Target","Meet Target"),"-") -> Not Meet Target | N54: =IFERROR(VLOOKUP(D54,'Team Member List'!B:C,2,0),"") -> TL Okafor | O54: View ticket
A55: First Review | C55: Aleksander Kovac | D55: Aleksander Kovac | E55: Boost | F55: Boost Video | G55: Boost Video | H55: KH | I55: =TRIM(A55) & TRIM(F55) & TRIM(H55) -> First ReviewBoost VideoKH | J55: =IFERROR(VLOOKUP(I55,'WFM Q4 Target'!J:K,2,0),"-") -> 61.14 | K55: 157.8299 | L55: 52.3093 | M55: =IFERROR(IF(K55>J55,"Not Meet Target","Meet Target"),"-") -> Not Meet Target | N55: =IFERROR(VLOOKUP(D55,'Team Member List'!B:C,2,0),"") -> TL Okafor | O55: View ticket
A56: First Review | C56: Grace Osei | D56: Grace Osei | E56: Feature Ads | F56: Highlight View | G56: Highlight View | H56: ID | I56: =TRIM(A56) & TRIM(F56) & TRIM(H56) -> First ReviewHighlight ViewID | J56: =IFERROR(VLOOKUP(I56,'WFM Q4 Target'!J:K,2,0),"-") -> 590.502 | K56: 145.526 | L56: 27.6765 | M56: =IFERROR(IF(K56>J56,"Not Meet Target","Meet Target"),"-") -> Meet Target | N56: =IFERROR(VLOOKUP(D56,'Team Member List'!B:C,2,0),"") -> TL Ramirez | O56: View ticket
A57: First Review | C57: Isabelle Laurent | D57: Isabelle Laurent | E57: Bid Ads | F57: Bid Ad Group | G57: Bid Ad Group | H57: ID | I57: =TRIM(A57) & TRIM(F57) & TRIM(H57) -> First ReviewBid Ad GroupID | J57: =IFERROR(VLOOKUP(I57,'WFM Q4 Target'!J:K,2,0),"-") -> 118.062 | K57: 117.0533 | L57: 91.6021 | M57: =IFERROR(IF(K57>J57,"Not Meet Target","Meet Target"),"-") -> Meet Target | N57: =IFERROR(VLOOKUP(D57,'Team Member List'!B:C,2,0),"") -> TL Ramirez | O57: View ticket
A58: First Review | D58: Isabelle Laurent | E58: Feature Ads | F58: EST | G58: EST | H58: ID | I58: =TRIM(A58) & TRIM(F58) & TRIM(H58) -> First ReviewESTID | J58: =IFERROR(VLOOKUP(I58,'WFM Q4 Target'!J:K,2,0),"-") -> - | K58: 427.7692 | L58: 0 | M58: =IFERROR(IF(K58>J58,"Not Meet Target","Meet Target"),"-") -> Meet Target | N58: =IFERROR(VLOOKUP(D58,'Team Member List'!B:C,2,0),"") -> TL Ramirez | O58: View ticket
A59: First Review | D59: Isabelle Laurent | F59: Booking Ads Pre Approval | G59: Booking Ads Pre Approval | H59: ID | I59: =TRIM(A59) & TRIM(F59) & TRIM(H59) -> First ReviewBooking Ads Pre ApprovalID | J59: =IFERROR(VLOOKUP(I59,'WFM Q4 Target'!J:K,2,0),"-") -> 271.992 | K59: 227.7797 | L59: 19.234 | M59: =IFERROR(IF(K59>J59,"Not Meet Target","Meet Target"),"-") -> Meet Target | N59: =IFERROR(VLOOKUP(D59,'Team Member List'!B:C,2,0),"") -> TL Ramirez | O59: View ticket
A60: First Review | C60: Omar Fathi | D60: Omar Fathi | E60: Feature Ads | F60: Highlight View | G60: Highlight View | H60: JP | I60: =TRIM(A60) & TRIM(F60) & TRIM(H60) -> First ReviewHighlight ViewJP | J60: =IFERROR(VLOOKUP(I60,'WFM Q4 Target'!J:K,2,0),"-") -> 759.402 | K60: 133.9708 | L60: 0 | M60: =IFERROR(IF(K60>J60,"Not Meet Target","Meet Target"),"-") -> Meet Target | N60: =IFERROR(VLOOKUP(D60,'Team Member List'!B:C,2,0),"") -> TL Okafor | O60: View ticket
A61: First Review | C61: Bilal Ahmadi | D61: Bilal Ahmadi | E61: Bid Ads | F61: Bid Ad Group | G61: Bid Ad Group | H61: ID | I61: =TRIM(A61) & TRIM(F61) & TRIM(H61) -> First ReviewBid Ad GroupID | J61: =IFERROR(VLOOKUP(I61,'WFM Q4 Target'!J:K,2,0),"-") -> 118.062 | K61: 127.1455 | L61: 144.7963 | M61: =IFERROR(IF(K61>J61,"Not Meet Target","Meet Target"),"-") -> Not Meet Target | N61: =IFERROR(VLOOKUP(D61,'Team Member List'!B:C,2,0),"") -> TL Ramirez | O61: View ticket
A62: First Review | C62: Giulia Romano | D62: Giulia Romano | E62: Bid Ads | F62: Bid Ad Group | G62: Bid Ad Group | H62: TH | I62: =TRIM(A62) & TRIM(F62) & TRIM(H62) -> First ReviewBid Ad GroupTH | J62: =IFERROR(VLOOKUP(I62,'WFM Q4 Target'!J:K,2,0),"-") -> 99.684 | K62: 218.238 | L62: 33.0911 | M62: =IFERROR(IF(K62>J62,"Not Meet Target","Meet Target"),"-") -> Not Meet Target | N62: =IFERROR(VLOOKUP(D62,'Team Member List'!B:C,2,0),"") -> TL Cabrera | O62: View ticket
A63: First Review | D63: Giulia Romano | F63: Bid Ecom Ads Group | G63: Bid Ecom Ads Group | H63: TH | I63: =TRIM(A63) & TRIM(F63) & TRIM(H63) -> First ReviewBid Ecom Ads GroupTH | J63: =IFERROR(VLOOKUP(I63,'WFM Q4 Target'!J:K,2,0),"-") -> 117.78 | K63: 113.0543 | L63: 17.2638 | M63: =IFERROR(IF(K63>J63,"Not Meet Target","Meet Target"),"-") -> Meet Target | N63: =IFERROR(VLOOKUP(D63,'Team Member List'!B:C,2,0),"") -> TL Cabrera | O63: View ticket
A64: First Review | D64: Giulia Romano | E64: Feature Ads | F64: Highlight View | G64: Highlight View | H64: TH | I64: =TRIM(A64) & TRIM(F64) & TRIM(H64) -> First ReviewHighlight ViewTH | J64: =IFERROR(VLOOKUP(I64,'WFM Q4 Target'!J:K,2,0),"-") -> 225.126 | K64: 294.7496 | L64: 4.2464 | M64: =IFERROR(IF(K64>J64,"Not Meet Target","Meet Target"),"-") -> Not Meet Target | N64: =IFERROR(VLOOKUP(D64,'Team Member List'!B:C,2,0),"") -> TL Cabrera | O64: View ticket
A65: First Review | C65: Ivy Tan | D65: Ivy Tan | E65: Bid Ads | F65: Bid Ad Group | G65: Bid Ad Group | H65: ID | I65: =TRIM(A65) & TRIM(F65) & TRIM(H65) -> First ReviewBid Ad GroupID | J65: =IFERROR(VLOOKUP(I65,'WFM Q4 Target'!J:K,2,0),"-") -> 118.062 | K65: 191.8266 | L65: 133.8048 | M65: =IFERROR(IF(K65>J65,"Not Meet Target","Meet Target"),"-") -> Not Meet Target | N65: =IFERROR(VLOOKUP(D65,'Team Member List'!B:C,2,0),"") -> TL Ramirez | O65: View ticket
A66: First Review | D66: Ivy Tan | F66: Bid Ad Group | H66: US | I66: =TRIM(A66) & TRIM(F66) & TRIM(H66) -> First ReviewBid Ad GroupUS | J66: =IFERROR(VLOOKUP(I66,'WFM Q4 Target'!J:K,2,0),"-") -> 139.032 | K66: 487.9738 | L66: 32.0325 | M66: =IFERROR(IF(K66>J66,"Not Meet Target","Meet Target"),"-") -> Not Meet Target | N66: =IFERROR(VLOOKUP(D66,'Team Member List'!B:C,2,0),"") -> TL Ramirez | O66: View ticket
A67: First Review | D67: Ivy Tan | F67: Bid Ecom Ads Group | G67: Bid Ecom Ads Group | H67: ID | I67: =TRIM(A67) & TRIM(F67) & TRIM(H67) -> First ReviewBid Ecom Ads GroupID | J67: =IFERROR(VLOOKUP(I67,'WFM Q4 Target'!J:K,2,0),"-") -> 155.28 | K67: 167.4897 | L67: 121.5865 | M67: =IFERROR(IF(K67>J67,"Not Meet Target","Meet Target"),"-") -> Not Meet Target | N67: =IFERROR(VLOOKUP(D67,'Team Member List'!B:C,2,0),"") -> TL Ramirez | O67: View ticket
A68: First Review | D68: Ivy Tan | F68: Bid Ecom Ads Group | H68: SG | I68: =TRIM(A68) & TRIM(F68) & TRIM(H68) -> First ReviewBid Ecom Ads GroupSG | J68: =IFERROR(VLOOKUP(I68,'WFM Q4 Target'!J:K,2,0),"-") -> 176.208 | K68: 159.2398 | L68: 59.4353 | M68: =IFERROR(IF(K68>J68,"Not Meet Target","Meet Target"),"-") -> Meet Target | N68: =IFERROR(VLOOKUP(D68,'Team Member List'!B:C,2,0),"") -> TL Ramirez | O68: View ticket
A69: First Review | D69: Ivy Tan | E69: Feature Ads | F69: Media Ads | G69: Media Ads | H69: ID | I69: =TRIM(A69) & TRIM(F69) & TRIM(H69) -> First ReviewMedia AdsID | J69: =IFERROR(VLOOKUP(I69,'WFM Q4 Target'!J:K,2,0),"-") -> - | K69: 427.8555 | L69: 0 | M69: =IFERROR(IF(K69>J69,"Not Meet Target","Meet Target"),"-") -> Meet Target | N69: =IFERROR(VLOOKUP(D69,'Team Member List'!B:C,2,0),"") -> TL Ramirez | O69: View ticket
A70: First Review | D70: Ivy Tan | F70: Reach & Frequency | G70: Reach & Frequency | H70: ID | I70: =TRIM(A70) & TRIM(F70) & TRIM(H70) -> First ReviewReach & FrequencyID | J70: =IFERROR(VLOOKUP(I70,'WFM Q4 Target'!J:K,2,0),"-") -> - | K70: 119.8333 | L70: 323.8748 | M70: =IFERROR(IF(K70>J70,"Not Meet Target","Meet Target"),"-") -> Meet Target | N70: =IFERROR(VLOOKUP(D70,'Team Member List'!B:C,2,0),"") -> TL Ramirez | O70: View ticket
A71: First Review | D71: Ivy Tan | F71: Booking Ads Pre Approval | G71: Booking Ads Pre Approval | H71: ID | I71: =TRIM(A71) & TRIM(F71) & TRIM(H71) -> First ReviewBooking Ads Pre ApprovalID | J71: =IFERROR(VLOOKUP(I71,'WFM Q4 Target'!J:K,2,0),"-") -> 271.992 | K71: 260.6181 | L71: 25.6629 | M71: =IFERROR(IF(K71>J71,"Not Meet Target","Meet Target"),"-") -> Meet Target | N71: =IFERROR(VLOOKUP(D71,'Team Member List'!B:C,2,0),"") -> TL Ramirez | O71: View ticket
A72: First Review | D72: Ivy Tan | F72: Highlight View | G72: Highlight View | H72: ID | I72: =TRIM(A72) & TRIM(F72) & TRIM(H72) -> First ReviewHighlight ViewID | J72: =IFERROR(VLOOKUP(I72,'WFM Q4 Target'!J:K,2,0),"-") -> 590.502 | K72: 110.524 | L72: 21.8472 | M72: =IFERROR(IF(K72>J72,"Not Meet Target","Meet Target"),"-") -> Meet Target | N72: =IFERROR(VLOOKUP(D72,'Team Member List'!B:C,2,0),"") -> TL Ramirez | O72: View ticket
A73: First Review | D73: Ivy Tan | E73: Quest | F73: BE Adv Campaign | G73: BE Adv Campaign | H73: US | I73: =TRIM(A73) & TRIM(F73) & TRIM(H73) -> First ReviewBE Adv CampaignUS | J73: =IFERROR(VLOOKUP(I73,'WFM Q4 Target'!J:K,2,0),"-") -> - | K73: 819.3232 | L73: 0 | M73: =IFERROR(IF(K73>J73,"Not Meet Target","Meet Target"),"-") -> Meet Target | N73: =IFERROR(VLOOKUP(D73,'Team Member List'!B:C,2,0),"") -> TL Ramirez | O73: View ticket
A74: First Review | D74: Ivy Tan | F74: HTC Adv Campaign | G74: HTC Adv Campaign | H74: US | I74: =TRIM(A74) & TRIM(F74) & TRIM(H74) -> First ReviewHTC Adv CampaignUS | J74: =IFERROR(VLOOKUP(I74,'WFM Q4 Target'!J:K,2,0),"-") -> 107.148 | K74: 1157.7061 | L74: 0 | M74: =IFERROR(IF(K74>J74,"Not Meet Target","Meet Target"),"-") -> Not Meet Target | N74: =IFERROR(VLOOKUP(D74,'Team Member List'!B:C,2,0),"") -> TL Ramirez | O74: View ticket
A75: First Review | C75: Tomas Novotny | D75: Tomas Novotny | E75: Feature Ads | F75: Highlight View | G75: Highlight View | H75: ID | I75: =TRIM(A75) & TRIM(F75) & TRIM(H75) -> First ReviewHighlight ViewID | J75: =IFERROR(VLOOKUP(I75,'WFM Q4 Target'!J:K,2,0),"-") -> 590.502 | K75: 104.7449 | L75: 127.6313 | M75: =IFERROR(IF(K75>J75,"Not Meet Target","Meet Target"),"-") -> Meet Target | N75: =IFERROR(VLOOKUP(D75,'Team Member List'!B:C,2,0),"") -> TL Ramirez | O75: View ticket
A76: First Review | C76: Zara Iqbal | D76: Zara Iqbal | E76: Bid Ads | F76: Bid Ad Group | G76: Bid Ad Group | H76: PH | I76: =TRIM(A76) & TRIM(F76) & TRIM(H76) -> First ReviewBid Ad GroupPH | J76: =IFERROR(VLOOKUP(I76,'WFM Q4 Target'!J:K,2,0),"-") -> 81.798 | K76: 898.1972 | L76: 59.0526 | M76: =IFERROR(IF(K76>J76,"Not Meet Target","Meet Target"),"-") -> Not Meet Target | N76: =IFERROR(VLOOKUP(D76,'Team Member List'!B:C,2,0),"") -> TL Okafor | O76: View ticket
A77: First Review | D77: Zara Iqbal | F77: Bid Ecom Ads Group | G77: Bid Ecom Ads Group | H77: PH | I77: =TRIM(A77) & TRIM(F77) & TRIM(H77) -> First ReviewBid Ecom Ads GroupPH | J77: =IFERROR(VLOOKUP(I77,'WFM Q4 Target'!J:K,2,0),"-") -> 106.374 | K77: 1144.2467 | L77: 54.0763 | M77: =IFERROR(IF(K77>J77,"Not Meet Target","Meet Target"),"-") -> Not Meet Target | N77: =IFERROR(VLOOKUP(D77,'Team Member List'!B:C,2,0),"") -> TL Okafor | O77: View ticket
A78: First Review | D78: Zara Iqbal | E78: Feature Ads | F78: Reach & Frequency | G78: Reach & Frequency | H78: PH | I78: =TRIM(A78) & TRIM(F78) & TRIM(H78) -> First ReviewReach & FrequencyPH | J78: =IFERROR(VLOOKUP(I78,'WFM Q4 Target'!J:K,2,0),"-") -> - | K78: 264.3304 | L78: 13.7508 | M78: =IFERROR(IF(K78>J78,"Not Meet Target","Meet Target"),"-") -> Meet Target | N78: =IFERROR(VLOOKUP(D78,'Team Member List'!B:C,2,0),"") -> TL Okafor | O78: View ticket
A79: First Review | D79: Zara Iqbal | F79: Highlight View | G79: Highlight View | H79: IQ | I79: =TRIM(A79) & TRIM(F79) & TRIM(H79) -> First ReviewHighlight ViewIQ | J79: =IFERROR(VLOOKUP(I79,'WFM Q4 Target'!J:K,2,0),"-") -> 703.266 | K79: 271.4097 | L79: 0 | M79: =IFERROR(IF(K79>J79,"Not Meet Target","Meet Target"),"-") -> Meet Target | N79: =IFERROR(VLOOKUP(D79,'Team Member List'!B:C,2,0),"") -> TL Okafor | O79: View ticket
A80: First Review | D80: Zara Iqbal | F80: Highlight View | H80: TH | I80: =TRIM(A80) & TRIM(F80) & TRIM(H80) -> First ReviewHighlight ViewTH | J80: =IFERROR(VLOOKUP(I80,'WFM Q4 Target'!J:K,2,0),"-") -> 225.126 | K80: 108.6925 | L80: 38.634 | M80: =IFERROR(IF(K80>J80,"Not Meet Target","Meet Target"),"-") -> Meet Target | N80: =IFERROR(VLOOKUP(D80,'Team Member List'!B:C,2,0),"") -> TL Okafor | O80: View ticket
A81: First Review | C81: Esther Adeyemi | D81: Esther Adeyemi | E81: Bid Ads | F81: Bid Ad Group | G81: Bid Ad Group | H81: MY | I81: =TRIM(A81) & TRIM(F81) & TRIM(H81) -> First ReviewBid Ad GroupMY | J81: =IFERROR(VLOOKUP(I81,'WFM Q4 Target'!J:K,2,0),"-") -> 108.99 | K81: 98.234 | L81: 365.2289 | M81: =IFERROR(IF(K81>J81,"Not Meet Target","Meet Target"),"-") -> Meet Target | N81: =IFERROR(VLOOKUP(D81,'Team Member List'!B:C,2,0),"") -> TL Cabrera | O81: View ticket
A82: First Review | D82: Esther Adeyemi | E82: Feature Ads | F82: Booking Ads Pre Approval | G82: Booking Ads Pre Approval | H82: MY | I82: =TRIM(A82) & TRIM(F82) & TRIM(H82) -> First ReviewBooking Ads Pre ApprovalMY | J82: =IFERROR(VLOOKUP(I82,'WFM Q4 Target'!J:K,2,0),"-") -> 91.824 | K82: 422.8073 | L82: 10.6231 | M82: =IFERROR(IF(K82>J82,"Not Meet Target","Meet Target"),"-") -> Not Meet Target | N82: =IFERROR(VLOOKUP(D82,'Team Member List'!B:C,2,0),"") -> TL Cabrera | O82: View ticket
A83: First Review | D83: Esther Adeyemi | F83: Highlight View | G83: Highlight View | H83: MY | I83: =TRIM(A83) & TRIM(F83) & TRIM(H83) -> First ReviewHighlight ViewMY | J83: =IFERROR(VLOOKUP(I83,'WFM Q4 Target'!J:K,2,0),"-") -> 242.28 | K83: 418.5507 | L83: 0 | M83: =IFERROR(IF(K83>J83,"Not Meet Target","Meet Target"),"-") -> Not Meet Target | N83: =IFERROR(VLOOKUP(D83,'Team Member List'!B:C,2,0),"") -> TL Cabrera | O83: View ticket
A84: First Review | C84: Beatriz Souza | D84: Beatriz Souza | E84: Bid Ads | F84: Bid Ad Group | G84: Bid Ad Group | H84: JP | I84: =TRIM(A84) & TRIM(F84) & TRIM(H84) -> First ReviewBid Ad GroupJP | J84: =IFERROR(VLOOKUP(I84,'WFM Q4 Target'!J:K,2,0),"-") -> 140.514 | K84: 99.2843 | L84: 17.0282 | M84: =IFERROR(IF(K84>J84,"Not Meet Target","Meet Target"),"-") -> Meet Target | N84: =IFERROR(VLOOKUP(D84,'Team Member List'!B:C,2,0),"") -> TL Okafor | O84: View ticket
A85: First Review | D85: Beatriz Souza | F85: Bid Link | G85: Bid Link | H85: JP | I85: =TRIM(A85) & TRIM(F85) & TRIM(H85) -> First ReviewBid LinkJP | J85: =IFERROR(VLOOKUP(I85,'WFM Q4 Target'!J:K,2,0),"-") -> 87.018 | K85: 130.9856 | L85: 0 | M85: =IFERROR(IF(K85>J85,"Not Meet Target","Meet Target"),"-") -> Not Meet Target | N85: =IFERROR(VLOOKUP(D85,'Team Member List'!B:C,2,0),"") -> TL Okafor | O85: View ticket
A86: First Review | C86: Ravi Kapoor | D86: Ravi Kapoor | E86: Bid Ads | F86: Bid Ad Group | G86: Bid Ad Group | H86: ID | I86: =TRIM(A86) & TRIM(F86) & TRIM(H86) -> First ReviewBid Ad GroupID | J86: =IFERROR(VLOOKUP(I86,'WFM Q4 Target'!J:K,2,0),"-") -> 118.062 | K86: 142.8671 | L86: 68.7212 | M86: =IFERROR(IF(K86>J86,"Not Meet Target","Meet Target"),"-") -> Not Meet Target | N86: =IFERROR(VLOOKUP(D86,'Team Member List'!B:C,2,0),"") -> TL Ramirez | O86: View ticket
A87: First Review | D87: Ravi Kapoor | F87: Bid Ecom URL | G87: Bid Ecom URL | H87: ID | I87: =TRIM(A87) & TRIM(F87) & TRIM(H87) -> First ReviewBid Ecom URLID | J87: =IFERROR(VLOOKUP(I87,'WFM Q4 Target'!J:K,2,0),"-") -> 64.764 | K87: 138.2075 | L87: 0 | M87: =IFERROR(IF(K87>J87,"Not Meet Target","Meet Target"),"-") -> Not Meet Target | N87: =IFERROR(VLOOKUP(D87,'Team Member List'!B:C,2,0),"") -> TL Ramirez | O87: View ticket
A88: Posted Recall | C88: Naledi Dlamini | D88: Naledi Dlamini | E88: Trial Install | F88: Trial Install Android App | G88: Trial Install Android App | H88: ID | I88: =TRIM(A88) & TRIM(F88) & TRIM(H88) -> Posted RecallTrial Install Android AppID | J88: =IFERROR(VLOOKUP(I88,'WFM Q4 Target'!J:K,2,0),"-") -> 532.764 | K88: 559.6106 | L88: 137.656 | M88: =IFERROR(IF(K88>J88,"Not Meet Target","Meet Target"),"-") -> Not Meet Target | N88: =IFERROR(VLOOKUP(D88,'Team Member List'!B:C,2,0),"") -> TL Cabrera | O88: View ticket
A89: Posted Recall | D89: Naledi Dlamini | F89: Trial Install IOS App | G89: Trial Install IOS App | H89: ID | I89: =TRIM(A89) & TRIM(F89) & TRIM(H89) -> Posted RecallTrial Install IOS AppID | J89: =IFERROR(VLOOKUP(I89,'WFM Q4 Target'!J:K,2,0),"-") -> - | K89: 483.7575 | L89: 814.0627 | M89: =IFERROR(IF(K89>J89,"Not Meet Target","Meet Target"),"-") -> Meet Target | N89: =IFERROR(VLOOKUP(D89,'Team Member List'!B:C,2,0),"") -> TL Cabrera | O89: View ticket
A90: Posted Recall | C90: Mateus Silva | D90: Mateus Silva | E90: Catalog Ads | F90: Dynamic Catalog WholeProd | G90: Dynamic Catalog WholeProd | H90: TW | I90: =TRIM(A90) & TRIM(F90) & TRIM(H90) -> Posted RecallDynamic Catalog WholeProdTW | J90: =IFERROR(VLOOKUP(I90,'WFM Q4 Target'!J:K,2,0),"-") -> - | K90: 371.9036 | L90: 0 | M90: =IFERROR(IF(K90>J90,"Not Meet Target","Meet Target"),"-") -> Meet Target | N90: =IFERROR(VLOOKUP(D90,'Team Member List'!B:C,2,0),"") -> TL Okafor | O90: View ticket
A91: Posted Recall | C91: Sofia Novak | D91: Sofia Novak | E91: Bid Ads | F91: Bid Ecom Ads Group | G91: Bid Ecom Ads Group | H91: PH | I91: =TRIM(A91) & TRIM(F91) & TRIM(H91) -> Posted RecallBid Ecom Ads GroupPH | J91: =IFERROR(VLOOKUP(I91,'WFM Q4 Target'!J:K,2,0),"-") -> 77.622 | K91: 355.3703 | L91: 26.9648 | M91: =IFERROR(IF(K91>J91,"Not Meet Target","Meet Target"),"-") -> Not Meet Target | N91: =IFERROR(VLOOKUP(D91,'Team Member List'!B:C,2,0),"") -> TL Okafor | O91: View ticket
A92: Posted Recall | C92: Beatriz Souza | D92: Beatriz Souza | E92: Bid Ads | F92: Bid Ad Group | G92: Bid Ad Group | H92: JP | I92: =TRIM(A92) & TRIM(F92) & TRIM(H92) -> Posted RecallBid Ad GroupJP | J92: =IFERROR(VLOOKUP(I92,'WFM Q4 Target'!J:K,2,0),"-") -> 100.644 | K92: 307.9623 | L92: 113.7633 | M92: =IFERROR(IF(K92>J92,"Not Meet Target","Meet Target"),"-") -> Not Meet Target | N92: =IFERROR(VLOOKUP(D92,'Team Member List'!B:C,2,0),"") -> TL Okafor | O92: View ticket
A93: Posted Recall | D93: Beatriz Souza | E93: Sponsored Content | F93: Sponsored Content Community Video | G93: Sponsored Content Community Video | H93: JP | I93: =TRIM(A93) & TRIM(F93) & TRIM(H93) -> Posted RecallSponsored Content Community VideoJP | J93: =IFERROR(VLOOKUP(I93,'WFM Q4 Target'!J:K,2,0),"-") -> 96.984 | K93: 223.6176 | L93: 20.5113 | M93: =IFERROR(IF(K93>J93,"Not Meet Target","Meet Target"),"-") -> Not Meet Target | N93: =IFERROR(VLOOKUP(D93,'Team Member List'!B:C,2,0),"") -> TL Okafor | O93: View ticket
A94: Posted Recall | C94: Yuki Tanaka | D94: Yuki Tanaka | E94: Bid Ads | F94: Bid Ad Group | G94: Bid Ad Group | H94: AU | I94: =TRIM(A94) & TRIM(F94) & TRIM(H94) -> Posted RecallBid Ad GroupAU | J94: =IFERROR(VLOOKUP(I94,'WFM Q4 Target'!J:K,2,0),"-") -> 95.904 | K94: 200.0193 | L94: 50.5396 | M94: =IFERROR(IF(K94>J94,"Not Meet Target","Meet Target"),"-") -> Not Meet Target | N94: =IFERROR(VLOOKUP(D94,'Team Member List'!B:C,2,0),"") -> TL Lindgren | O94: View ticket
A95: Posted Recall | C95: Bram de Vries | D95: Bram de Vries | E95: Bid Ads | F95: Bid Ad Group | G95: Bid Ad Group | H95: MY | I95: =TRIM(A95) & TRIM(F95) & TRIM(H95) -> Posted RecallBid Ad GroupMY | J95: =IFERROR(VLOOKUP(I95,'WFM Q4 Target'!J:K,2,0),"-") -> 125.562 | K95: 182.7589 | L95: 327.7922 | M95: =IFERROR(IF(K95>J95,"Not Meet Target","Meet Target"),"-") -> Not Meet Target | N95: =IFERROR(VLOOKUP(D95,'Team Member List'!B:C,2,0),"") -> TL Ramirez | O95: View ticket
A96: Posted Recall | D96: Bram de Vries | F96: Bid Ad Group | H96: SG | I96: =TRIM(A96) & TRIM(F96) & TRIM(H96) -> Posted RecallBid Ad GroupSG | J96: =IFERROR(VLOOKUP(I96,'WFM Q4 Target'!J:K,2,0),"-") -> 112.686 | K96: 213.5462 | L96: 672.0256 | M96: =IFERROR(IF(K96>J96,"Not Meet Target","Meet Target"),"-") -> Not Meet Target | N96: =IFERROR(VLOOKUP(D96,'Team Member List'!B:C,2,0),"") -> TL Ramirez | O96: View ticket
A97: Posted Recall | C97: Nadia Kowalski | D97: Nadia Kowalski | E97: Bid Ads | F97: Bid Ad Group | G97: Bid Ad Group | H97: ID | I97: =TRIM(A97) & TRIM(F97) & TRIM(H97) -> Posted RecallBid Ad GroupID | J97: =IFERROR(VLOOKUP(I97,'WFM Q4 Target'!J:K,2,0),"-") -> 152.274 | K97: 234.1357 | L97: 359.1586 | M97: =IFERROR(IF(K97>J97,"Not Meet Target","Meet Target"),"-") -> Not Meet Target | N97: =IFERROR(VLOOKUP(D97,'Team Member List'!B:C,2,0),"") -> TL Ramirez | O97: View ticket
A98: Posted Recall | D98: Nadia Kowalski | E98: Boost | F98: Boost Video | G98: Boost Video | H98: ID | I98: =TRIM(A98) & TRIM(F98) & TRIM(H98) -> Posted RecallBoost VideoID | J98: =IFERROR(VLOOKUP(I98,'WFM Q4 Target'!J:K,2,0),"-") -> 63.066 | K98: 181.9833 | L98: 171.7622 | M98: =IFERROR(IF(K98>J98,"Not Meet Target","Meet Target"),"-") -> Not Meet Target | N98: =IFERROR(VLOOKUP(D98,'Team Member List'!B:C,2,0),"") -> TL Ramirez | O98: View ticket
A99: Posted Recall | C99: Maya Santoso | D99: Maya Santoso | E99: Bid Ads | F99: Bid Ad Group | G99: Bid Ad Group | H99: MY | I99: =TRIM(A99) & TRIM(F99) & TRIM(H99) -> Posted RecallBid Ad GroupMY | J99: =IFERROR(VLOOKUP(I99,'WFM Q4 Target'!J:K,2,0),"-") -> 125.562 | K99: 197.0433 | L99: 326.6806 | M99: =IFERROR(IF(K99>J99,"Not Meet Target","Meet Target"),"-") -> Not Meet Target | N99: =IFERROR(VLOOKUP(D99,'Team Member List'!B:C,2,0),"") -> TL Cabrera | O99: View ticket
A100: Posted Recall | D100: Maya Santoso | F100: Bid Ecom Ads Group | G100: Bid Ecom Ads Group | H100: MY | I100: =TRIM(A100) & TRIM(F100) & TRIM(H100) -> Posted RecallBid Ecom Ads GroupMY | J100: =IFERROR(VLOOKUP(I100,'WFM Q4 Target'!J:K,2,0),"-") -> 111.516 | K100: 129.4723 | L100: 142.4825 | M100: =IFERROR(IF(K100>J100,"Not Meet Target","Meet Target"),"-") -> Not Meet Target | N100: =IFERROR(VLOOKUP(D100,'Team Member List'!B:C,2,0),"") -> TL Cabrera | O100: View ticket
...

Sheet W48
A1: Notes: Summary of specialist AHT for tickets exceeding target (sample data)
A2: Color Scheme: RED text when AHT does not meet the WFM target
A3: Audit Stage | B3: Audit Stage | C3: Name | D3: Name (Refer) | E3: product_level1_name | F3: product_level2_name | G3: product_level2_name | H3: delivery_country | I3: Helper | J3: AHT Target (sec) (WFM) | K3: 2024-W48(11/25~12/01) | M3: Meet Target | N3: TL Name | O3: Reference Link
K4: AHT (sec) | L4: Average Video Duration (sec)
A5: First Review | C5: Maya Santoso | D5: Maya Santoso | E5: Feature Ads | F5: Booking Ads Pre Approval | G5: Booking Ads Pre Approval | H5: MY | I5: =TRIM(A5) & TRIM(F5) & TRIM(H5) -> First ReviewBooking Ads Pre ApprovalMY | J5: =IFERROR(VLOOKUP(I5,'WFM Q4 Target'!J:K,2,0),"-") -> 91.824 | K5: 214.4682 | L5: 18.5662 | M5: =IFERROR(IF(K5>J5,"Not Meet Target","Meet Target"),"-") -> Not Meet Target | N5: =IFERROR(VLOOKUP(D5,'Team Member List'!B:C,2,0),"") -> TL Cabrera | O5: View ticket
A6: First Review | D6: Maya Santoso | F6: Booking Ads Pre Approval | H6: PH | I6: =TRIM(A6) & TRIM(F6) & TRIM(H6) -> First ReviewBooking Ads Pre ApprovalPH | J6: =IFERROR(VLOOKUP(I6,'WFM Q4 Target'!J:K,2,0),"-") -> 151.176 | K6: 282.1479 | L6: 21.6812 | M6: =IFERROR(IF(K6>J6,"Not Meet Target","Meet Target"),"-") -> Not Meet Target | N6: =IFERROR(VLOOKUP(D6,'Team Member List'!B:C,2,0),"") -> TL Cabrera | O6: View ticket
A7: First Review | D7: Maya Santoso | F7: Highlight View | G7: Highlight View | H7: PH | I7: =TRIM(A7) & TRIM(F7) & TRIM(H7) -> First ReviewHighlight ViewPH | J7: =IFERROR(VLOOKUP(I7,'WFM Q4 Target'!J:K,2,0),"-") -> 469.32 | K7: 381.2682 | L7: 157.9353 | M7: =IFERROR(IF(K7>J7,"Not Meet Target","Meet Target"),"-") -> Meet Target | N7: =IFERROR(VLOOKUP(D7,'Team Member List'!B:C,2,0),"") -> TL Cabrera | O7: View ticket
A8: First Review | D8: Maya Santoso | F8: Highlight View | H8: SG | I8: =TRIM(A8) & TRIM(F8) & TRIM(H8) -> First ReviewHighlight ViewSG | J8: =IFERROR(VLOOKUP(I8,'WFM Q4 Target'!J:K,2,0),"-") -> 225.912 | K8: 120.1627 | L8: 0 | M8: =IFERROR(IF(K8>J8,"Not Meet Target","Meet Target"),"-") -> Meet Target | N8: =IFERROR(VLOOKUP(D8,'Team Member List'!B:C,2,0),"") -> TL Cabrera | O8: View ticket
A9: First Review | D9: Maya Santoso | E9: Quest | F9: BE Adv Campaign | G9: BE Adv Campaign | H9: PH | I9: =TRIM(A9) & TRIM(F9) & TRIM(H9) -> First ReviewBE Adv CampaignPH | J9: =IFERROR(VLOOKUP(I9,'WFM Q4 Target'!J:K,2,0),"-") -> 77.454 | K9: 316.0179 | L9: 0 | M9: =IFERROR(IF(K9>J9,"Not Meet Target","Meet Target"),"-") -> Not Meet Target | N9: =IFERROR(VLOOKUP(D9,'Team Member List'!B:C,2,0),"") -> TL Cabrera | O9: View ticket
A10: First Review | D10: Maya Santoso | F10: BE Adv Video | G10: BE Adv Video | H10: PH | I10: =TRIM(A10) & TRIM(F10) & TRIM(H10) -> First ReviewBE Adv VideoPH | J10: =IFERROR(VLOOKUP(I10,'WFM Q4 Target'!J:K,2,0),"-") -> 6.606 | K10: 351.6912 | L10: 31.6412 | M10: =IFERROR(IF(K10>J10,"Not Meet Target","Meet Target"),"-") -> Not Meet Target | N10: =IFERROR(VLOOKUP(D10,'Team Member List'!B:C,2,0),"") -> TL Cabrera | O10: View ticket
A11: First Review | D11: Maya Santoso | F11: HTC Adv Campaign | G11: HTC Adv Campaign | H11: PH | I11: =TRIM(A11) & TRIM(F11) & TRIM(H11) -> First ReviewHTC Adv CampaignPH | J11: =IFERROR(VLOOKUP(I11,'WFM Q4 Target'!J:K,2,0),"-") -> 142.656 | K11: 466.1188 | L11: 0 | M11: =IFERROR(IF(K11>J11,"Not Meet Target","Meet Target"),"-") -> Not Meet Target | N11: =IFERROR(VLOOKUP(D11,'Team Member List'!B:C,2,0),"") -> TL Cabrera | O11: View ticket
A12: First Review | D12: Maya Santoso | F12: HTC Adv Video | G12: HTC Adv Video | H12: PH | I12: =TRIM(A12) & TRIM(F12) & TRIM(H12) -> First ReviewHTC Adv VideoPH | J12: =IFERROR(VLOOKUP(I12,'WFM Q4 Target'!J:K,2,0),"-") -> 29.562 | K12: 451.0152 | L12: 35.0741 | M12: =IFERROR(IF(K12>J12,"Not Meet Target","Meet Target"),"-") -> Not Meet Target | N12: =IFERROR(VLOOKUP(D12,'Team Member List'!B:C,2,0),"") -> TL Cabrera | O12: View ticket
A13: First Review | D13: Maya Santoso | F13: Quest Adv Video | G13: Quest Adv Video | H13: PH | I13: =TRIM(A13) & TRIM(F13) & TRIM(H13) -> First ReviewQuest Adv VideoPH | J13: =IFERROR(VLOOKUP(I13,'WFM Q4 Target'!J:K,2,0),"-") -> 13.278 | K13: 357.1996 | L13: 40.4655 | M13: =IFERROR(IF(K13>J13,"Not Meet Target","Meet Target"),"-") -> Not Meet Target | N13: =IFERROR(VLOOKUP(D13,'Team Member List'!B:C,2,0),"") -> TL Cabrera | O13: View ticket
A14: First Review | C14: Elena Petrova | D14: Elena Petrova | E14: Feature Ads | F14: Highlight View | G14: Highlight View | H14: CO | I14: =TRIM(A14) & TRIM(F14) & TRIM(H14) -> First ReviewHighlight ViewCO | J14: =IFERROR(VLOOKUP(I14,'WFM Q4 Target'!J:K,2,0),"-") -> 513.444 | K14: 762.4357 | L14: 0 | M14: =IFERROR(IF(K14>J14,"Not Meet Target","Meet Target"),"-") -> Not Meet Target | N14: =IFERROR(VLOOKUP(D14,'Team Member List'!B:C,2,0),"") -> TL Ramirez | O14: View ticket
A15: First Review | D15: Elena Petrova | F15: Highlight View | H15: GB | I15: =TRIM(A15) & TRIM(F15) & TRIM(H15) -> First ReviewHighlight ViewGB | J15: =IFERROR(VLOOKUP(I15,'WFM Q4 Target'!J:K,2,0),"-") -> 151.884 | K15: 731.1806 | L15: 0 | M15: =IFERROR(IF(K15>J15,"Not Meet Target","Meet Target"),"-") -> Not Meet Target | N15: =IFERROR(VLOOKUP(D15,'Team Member List'!B:C,2,0),"") -> TL Ramirez | O15: View ticket
A16: First Review | D16: Elena Petrova | F16: Highlight View | H16: ID | I16: =TRIM(A16) & TRIM(F16) & TRIM(H16) -> First ReviewHighlight ViewID | J16: =IFERROR(VLOOKUP(I16,'WFM Q4 Target'!J:K,2,0),"-") -> 590.502 | K16: 156.6612 | L16: 7.7121 | M16: =IFERROR(IF(K16>J16,"Not Meet Target","Meet Target"),"-") -> Meet Target | N16: =IFERROR(VLOOKUP(D16,'Team Member List'!B:C,2,0),"") -> TL Ramirez | O16: View ticket
A17: First Review | C17: Yuki Tanaka | D17: Yuki Tanaka | E17: Feature Ads | F17: Booking Ads Pre Approval | G17: Booking Ads Pre Approval | H17: BR | I17: =TRIM(A17) & TRIM(F17) & TRIM(H17) -> First ReviewBooking Ads Pre ApprovalBR | J17: =IFERROR(VLOOKUP(I17,'WFM Q4 Target'!J:K,2,0),"-") -> 1137.432 | K17: 125.6088 | L17: 73.83 | M17: =IFERROR(IF(K17>J17,"Not Meet Target","Meet Target"),"-") -> Meet Target | N17: =IFERROR(VLOOKUP(D17,'Team Member List'!B:C,2,0),"") -> TL Lindgren | O17: View ticket
A18: First Review | C18: Andres Molina | D18: Andres Molina | E18: Feature Ads | F18: Highlight View | G18: Highlight View | H18: CL | I18: =TRIM(A18) & TRIM(F18) & TRIM(H18) -> First ReviewHighlight ViewCL | J18: =IFERROR(VLOOKUP(I18,'WFM Q4 Target'!J:K,2,0),"-") -> 677.166 | K18: 1981.8708 | L18: 0 | M18: =IFERROR(IF(K18>J18,"Not Meet Target","Meet Target"),"-") -> Not Meet Target | N18: =IFERROR(VLOOKUP(D18,'Team Member List'!B:C,2,0),"") -> TL Cabrera | O18: View ticket
A19: First Review | C19: Nadia Kowalski | D19: Nadia Kowalski | E19: Bid Ads | F19: Bid Ad Group | G19: Bid Ad Group | H19: ID | I19: =TRIM(A19) & TRIM(F19) & TRIM(H19) -> First ReviewBid Ad GroupID | J19: =IFERROR(VLOOKUP(I19,'WFM Q4 Target'!J:K,2,0),"-") -> 118.062 | K19: 147.8476 | L19: 121.144 | M19: =IFERROR(IF(K19>J19,"Not Meet Target","Meet Target"),"-") -> Not Meet Target | N19: =IFERROR(VLOOKUP(D19,'Team Member List'!B:C,2,0),"") -> TL Ramirez | O19: View ticket
A20: First Review | D20: Nadia Kowalski | F20: Bid Video | G20: Bid Video | H20: ID | I20: =TRIM(A20) & TRIM(F20) & TRIM(H20) -> First ReviewBid VideoID | J20: =IFERROR(VLOOKUP(I20,'WFM Q4 Target'!J:K,2,0),"-") -> 71.064 | K20: 142.4999 | L20: 202.87 | M20: =IFERROR(IF(K20>J20,"Not Meet Target","Meet Target"),"-") -> Not Meet Target | N20: =IFERROR(VLOOKUP(D20,'Team Member List'!B:C,2,0),"") -> TL Ramirez | O20: View ticket
A21: First Review | D21: Nadia Kowalski | E21: Feature Ads | F21: Booking Ads Pre Approval | G21: Booking Ads Pre Approval | H21: ID | I21: =TRIM(A21) & TRIM(F21) & TRIM(H21) -> First ReviewBooking Ads Pre ApprovalID | J21: =IFERROR(VLOOKUP(I21,'WFM Q4 Target'!J:K,2,0),"-") -> 271.992 | K21: 215.7852 | L21: 11.4765 | M21: =IFERROR(IF(K21>J21,"Not Meet Target","Meet Target"),"-") -> Meet Target | N21: =IFERROR(VLOOKUP(D21,'Team Member List'!B:C,2,0),"") -> TL Ramirez | O21: View ticket
A22: First Review | D22: Nadia Kowalski | F22: Highlight View | G22: Highlight View | H22: ID | I22: =TRIM(A22) & TRIM(F22) & TRIM(H22) -> First ReviewHighlight ViewID | J22: =IFERROR(VLOOKUP(I22,'WFM Q4 Target'!J:K,2,0),"-") -> 590.502 | K22: 194.5777 | L22: 5.1173 | M22: =IFERROR(IF(K22>J22,"Not Meet Target","Meet Target"),"-") -> Meet Target | N22: =IFERROR(VLOOKUP(D22,'Team Member List'!B:C,2,0),"") -> TL Ramirez | O22: View ticket
A23: First Review | D23: Nadia Kowalski | E23: Editorial Ads | F23: FX Studio | G23: FX Studio | H23: ID | I23: =TRIM(A23) & TRIM(F23) & TRIM(H23) -> First ReviewFX StudioID | J23: =IFERROR(VLOOKUP(I23,'WFM Q4 Target'!J:K,2,0),"-") -> - | K23: 260.6349 | L23: 10.2397 | M23: =IFERROR(IF(K23>J23,"Not Meet Target","Meet Target"),"-") -> Meet Target | N23: =IFERROR(VLOOKUP(D23,'Team Member List'!B:C,2,0),"") -> TL Ramirez | O23: View ticket
A24: First Review | C24: Paolo Ricci | D24: Paolo Ricci | E24: Feature Ads | F24: Booking Ads Pre Approval | G24: Booking Ads Pre Approval | H24: KH | I24: =TRIM(A24) & TRIM(F24) & TRIM(H24) -> First ReviewBooking Ads Pre ApprovalKH | J24: =IFERROR(VLOOKUP(I24,'WFM Q4 Target'!J:K,2,0),"-") -> 179.94 | K24: 501.553 | L24: 16.3442 | M24: =IFERROR(IF(K24>J24,"Not Meet Target","Meet Target"),"-") -> Not Meet Target | N24: =IFERROR(VLOOKUP(D24,'Team Member List'!B:C,2,0),"") -> TL Cabrera | O24: View ticket
A25: First Review | D25: Paolo Ricci | F25: Highlight View | G25: Highlight View | H25: PH | I25: =TRIM(A25) & TRIM(F25) & TRIM(H25) -> First ReviewHighlight ViewPH | J25: =IFERROR(VLOOKUP(I25,'WFM Q4 Target'!J:K,2,0),"-") -> 469.32 | K25: 185.2313 | L25: 184.4357 | M25: =IFERROR(IF(K25>J25,"Not Meet Target","Meet Target"),"-") -> Meet Target | N25: =IFERROR(VLOOKUP(D25,'Team Member List'!B:C,2,0),"") -> TL Cabrera | O25: View ticket
A26: First Review | C26: Giulia Romano | D26: Giulia Romano | E26: Bid Ads | F26: Bid Ad Group | G26: Bid Ad Group | H26: TH | I26: =TRIM(A26) & TRIM(F26) & TRIM(H26) -> First ReviewBid Ad GroupTH | J26: =IFERROR(VLOOKUP(I26,'WFM Q4 Target'!J:K,2,0),"-") -> 99.684 | K26: 272.6248 | L26: 373.3113 | M26: =IFERROR(IF(K26>J26,"Not Meet Target","Meet Target"),"-") -> Not Meet Target | N26: =IFERROR(VLOOKUP(D26,'Team Member List'!B:C,2,0),"") -> TL Cabrera | O26: View ticket
A27: First Review | C27: Camille Dubois | D27: Camille Dubois | E27: Feature Ads | F27: Booking Ads Pre Approval | G27: Booking Ads Pre Approval | H27: SG | I27: =TRIM(A27) & TRIM(F27) & TRIM(H27) -> First ReviewBooking Ads Pre ApprovalSG | J27: =IFERROR(VLOOKUP(I27,'WFM Q4 Target'!J:K,2,0),"-") -> 59.52 | K27: 4215.6333 | L27: 17.6391 | M27: =IFERROR(IF(K27>J27,"Not Meet Target","Meet Target"),"-") -> Not Meet Target | N27: =IFERROR(VLOOKUP(D27,'Team Member List'!B:C,2,0),"") -> TL Cabrera | O27: View ticket
A28: First Review | D28: Camille Dubois | F28: Booking Ads Pre Approval | H28: TR | I28: =TRIM(A28) & TRIM(F28) & TRIM(H28) -> First ReviewBooking Ads Pre ApprovalTR | J28: =IFERROR(VLOOKUP(I28,'WFM Q4 Target'!J:K,2,0),"-") -> 79.158 | K28: 184.5435 | L28: 32.4543 | M28: =IFERROR(IF(K28>J28,"Not Meet Target","Meet Target"),"-") -> Not Meet Target | N28: =IFERROR(VLOOKUP(D28,'Team Member List'!B:C,2,0),"") -> TL Cabrera | O28: View ticket
A29: First Review | D29: Camille Dubois | F29: Highlight View | G29: Highlight View | H29: PH | I29: =TRIM(A29) & TRIM(F29) & TRIM(H29) -> First ReviewHighlight ViewPH | J29: =IFERROR(VLOOKUP(I29,'WFM Q4 Target'!J:K,2,0),"-") -> 469.32 | K29: 1150.8605 | L29: 0 | M29: =IFERROR(IF(K29>J29,"Not Meet Target","Meet Target"),"-") -> Not Meet Target | N29: =IFERROR(VLOOKUP(D29,'Team Member List'!B:C,2,0),"") -> TL Cabrera | O29: View ticket
A30: First Review | D30: Camille Dubois | E30: Quest | F30: BE Adv Video | G30: BE Adv Video | H30: PH | I30: =TRIM(A30) & TRIM(F30) & TRIM(H30) -> First ReviewBE Adv VideoPH | J30: =IFERROR(VLOOKUP(I30,'WFM Q4 Target'!J:K,2,0),"-") -> 6.606 | K30: 364.4566 | L30: 13.3572 | M30: =IFERROR(IF(K30>J30,"Not Meet Target","Meet Target"),"-") -> Not Meet Target | N30: =IFERROR(VLOOKUP(D30,'Team Member List'!B:C,2,0),"") -> TL Cabrera | O30: View ticket
A31: First Review | C31: Rafael Torres | D31: Rafael Torres | E31: Feature Ads | F31: Booking Ads Pre Approval | G31: Booking Ads Pre Approval | H31: TH | I31: =TRIM(A31) & TRIM(F31) & TRIM(H31) -> First ReviewBooking Ads Pre ApprovalTH | J31: =IFERROR(VLOOKUP(I31,'WFM Q4 Target'!J:K,2,0),"-") -> 84.51 | K31: 142.4707 | L31: 22.0158 | M31: =IFERROR(IF(K31>J31,"Not Meet Target","Meet Target"),"-") -> Not Meet Target | N31: =IFERROR(VLOOKUP(D31,'Team Member List'!B:C,2,0),"") -> TL Okafor | O31: View ticket
A32: First Review | C32: Kenji Watanabe | D32: Kenji Watanabe | E32: Bid Ads | F32: Bid Ecom Ads Group | G32: Bid Ecom Ads Group | H32: AU | I32: =TRIM(A32) & TRIM(F32) & TRIM(H32) -> First ReviewBid Ecom Ads GroupAU | J32: =IFERROR(VLOOKUP(I32,'WFM Q4 Target'!J:K,2,0),"-") -> 157.866 | K32: 480.3002 | L32: 24.3736 | M32: =IFERROR(IF(K32>J32,"Not Meet Target","Meet Target"),"-") -> Not Meet Target | N32: =IFERROR(VLOOKUP(D32,'Team Member List'!B:C,2,0),"") -> TL Lindgren | O32: View ticket
A33: First Review | D33: Kenji Watanabe | E33: Feature Ads | F33: Booking Ads Pre Approval | G33: Booking Ads Pre Approval | H33: AU | I33: =TRIM(A33) & TRIM(F33) & TRIM(H33) -> First ReviewBooking Ads Pre ApprovalAU | J33: =IFERROR(VLOOKUP(I33,'WFM Q4 Target'!J:K,2,0),"-") -> 174.66 | K33: 130.1958 | L33: 48.7343 | M33: =IFERROR(IF(K33>J33,"Not Meet Target","Meet Target"),"-") -> Meet Target | N33: =IFERROR(VLOOKUP(D33,'Team Member List'!B:C,2,0),"") -> TL Lindgren | O33: View ticket
A34: First Review | D34: Kenji Watanabe | F34: Booking Ads Pre Approval | H34: TR | I34: =TRIM(A34) & TRIM(F34) & TRIM(H34) -> First ReviewBooking Ads Pre ApprovalTR | J34: =IFERROR(VLOOKUP(I34,'WFM Q4 Target'!J:K,2,0),"-") -> 79.158 | K34: 1310.8278 | L34: 18.0585 | M34: =IFERROR(IF(K34>J34,"Not Meet Target","Meet Target"),"-") -> Not Meet Target | N34: =IFERROR(VLOOKUP(D34,'Team Member List'!B:C,2,0),"") -> TL Lindgren | O34: View ticket
A35: First Review | D35: Kenji Watanabe | F35: Highlight View | G35: Highlight View | H35: MX | I35: =TRIM(A35) & TRIM(F35) & TRIM(H35) -> First ReviewHighlight ViewMX | J35: =IFERROR(VLOOKUP(I35,'WFM Q4 Target'!J:K,2,0),"-") -> 573.366 | K35: 200.0048 | L35: 0 | M35: =IFERROR(IF(K35>J35,"Not Meet Target","Meet Target"),"-") -> Meet Target | N35: =IFERROR(VLOOKUP(D35,'Team Member List'!B:C,2,0),"") -> TL Lindgren | O35: View ticket
A36: First Review | D36: Kenji Watanabe | F36: Highlight View | H36: SA | I36: =TRIM(A36) & TRIM(F36) & TRIM(H36) -> First ReviewHighlight ViewSA | J36: =IFERROR(VLOOKUP(I36,'WFM Q4 Target'!J:K,2,0),"-") -> 778.374 | K36: 441.1748 | L36: 0 | M36: =IFERROR(IF(K36>J36,"Not Meet Target","Meet Target"),"-") -> Meet Target | N36: =IFERROR(VLOOKUP(D36,'Team Member List'!B:C,2,0),"") -> TL Lindgren | O36: View ticket
A37: First Review | C37: Felix Brandt | D37: Felix Brandt | E37: Feature Ads | F37: Media Ads | G37: Media Ads | H37: TH | I37: =TRIM(A37) & TRIM(F37) & TRIM(H37) -> First ReviewMedia AdsTH | J37: =IFERROR(VLOOKUP(I37,'WFM Q4 Target'!J:K,2,0),"-") -> - | K37: 215.6858 | L37: 0 | M37: =IFERROR(IF(K37>J37,"Not Meet Target","Meet Target"),"-") -> Meet Target | N37: =IFERROR(VLOOKUP(D37,'Team Member List'!B:C,2,0),"") -> TL Okafor | O37: View ticket
A38: First Review | D38: Felix Brandt | F38: Booking Ads Pre Approval | G38: Booking Ads Pre Approval | H38: KH | I38: =TRIM(A38) & TRIM(F38) & TRIM(H38) -> First ReviewBooking Ads Pre ApprovalKH | J38: =IFERROR(VLOOKUP(I38,'WFM Q4 Target'!J:K,2,0),"-") -> 179.94 | K38: 784.0086 | L38: 13.6212 | M38: =IFERROR(IF(K38>J38,"Not Meet Target","Meet Target"),"-") -> Not Meet Target | N38: =IFERROR(VLOOKUP(D38,'Team Member List'!B:C,2,0),"") -> TL Okafor | O38: View ticket
A39: First Review | D39: Felix Brandt | F39: Highlight View | G39: Highlight View | H39: MX | I39: =TRIM(A39) & TRIM(F39) & TRIM(H39) -> First ReviewHighlight ViewMX | J39: =IFERROR(VLOOKUP(I39,'WFM Q4 Target'!J:K,2,0),"-") -> 573.366 | K39: 514.3632 | L39: 0 | M39: =IFERROR(IF(K39>J39,"Not Meet Target","Meet Target"),"-") -> Meet Target | N39: =IFERROR(VLOOKUP(D39,'Team Member List'!B:C,2,0),"") -> TL Okafor | O39: View ticket
A40: First Review | D40: Felix Brandt | E40: Quest | F40: Quest Adv Video | G40: Quest Adv Video | H40: PH | I40: =TRIM(A40) & TRIM(F40) & TRIM(H40) -> First ReviewQuest Adv VideoPH | J40: =IFERROR(VLOOKUP(I40,'WFM Q4 Target'!J:K,2,0),"-") -> 13.278 | K40: 124.9605 | L40: 16.9869 | M40: =IFERROR(IF(K40>J40,"Not Meet Target","Meet Target"),"-") -> Not Meet Target | N40: =IFERROR(VLOOKUP(D40,'Team Member List'!B:C,2,0),"") -> TL Okafor | O40: View ticket
A41: First Review | C41: Layla Hassan | D41: Layla Hassan | E41: Bid Ads | F41: Bid Ad Group | G41: Bid Ad Group | H41: VN | I41: =TRIM(A41) & TRIM(F41) & TRIM(H41) -> First ReviewBid Ad GroupVN | J41: =IFERROR(VLOOKUP(I41,'WFM Q4 Target'!J:K,2,0),"-") -> 220.83 | K41: 287.1488 | L41: 131.9703 | M41: =IFERROR(IF(K41>J41,"Not Meet Target","Meet Target"),"-") -> Not Meet Target | N41: =IFERROR(VLOOKUP(D41,'Team Member List'!B:C,2,0),"") -> TL Lindgren | O41: View ticket
A42: First Review | D42: Layla Hassan | E42: Feature Ads | F42: Highlight View | G42: Highlight View | H42: CZ | I42: =TRIM(A42) & TRIM(F42) & TRIM(H42) -> First ReviewHighlight ViewCZ | J42: =IFERROR(VLOOKUP(I42,'WFM Q4 Target'!J:K,2,0),"-") -> 6.51 | K42: 526.9756 | L42: 0 | M42: =IFERROR(IF(K42>J42,"Not Meet Target","Meet Target"),"-") -> Not Meet Target | N42: =IFERROR(VLOOKUP(D42,'Team Member List'!B:C,2,0),"") -> TL Lindgren | O42: View ticket
A43: First Review | D43: Layla Hassan | F43: Highlight View | H43: VN | I43: =TRIM(A43) & TRIM(F43) & TRIM(H43) -> First ReviewHighlight ViewVN | J43: =IFERROR(VLOOKUP(I43,'WFM Q4 Target'!J:K,2,0),"-") -> 286.158 | K43: 252.2946 | L43: 4.4037 | M43: =IFERROR(IF(K43>J43,"Not Meet Target","Meet Target"),"-") -> Meet Target | N43: =IFERROR(VLOOKUP(D43,'Team Member List'!B:C,2,0),"") -> TL Lindgren | O43: View ticket
A44: First Review | C44: Lucas Ferreira | D44: Lucas Ferreira | E44: Feature Ads | F44: Booking Ads Pre Approval | G44: Booking Ads Pre Approval | H44: VN | I44: =TRIM(A44) & TRIM(F44) & TRIM(H44) -> First ReviewBooking Ads Pre ApprovalVN | J44: =IFERROR(VLOOKUP(I44,'WFM Q4 Target'!J:K,2,0),"-") -> 213.222 | K44: 813.7086 | L44: 11.5575 | M44: =IFERROR(IF(K44>J44,"Not Meet Target","Meet Target"),"-") -> Not Meet Target | N44: =IFERROR(VLOOKUP(D44,'Team Member List'!B:C,2,0),"") -> TL Lindgren | O44: View ticket
A45: First Review | D45: Lucas Ferreira | F45: Highlight View | G45: Highlight View | H45: CZ | I45: =TRIM(A45) & TRIM(F45) & TRIM(H45) -> First ReviewHighlight ViewCZ | J45: =IFERROR(VLOOKUP(I45,'WFM Q4 Target'!J:K,2,0),"-") -> 6.51 | K45: 369.0642 | L45: 0 | M45: =IFERROR(IF(K45>J45,"Not Meet Target","Meet Target"),"-") -> Not Meet Target | N45: =IFERROR(VLOOKUP(D45,'Team Member List'!B:C,2,0),"") -> TL Lindgren | O45: View ticket
A46: First Review | D46: Lucas Ferreira | F46: Highlight View | H46: DE | I46: =TRIM(A46) & TRIM(F46) & TRIM(H46) -> First ReviewHighlight ViewDE | J46: =IFERROR(VLOOKUP(I46,'WFM Q4 Target'!J:K,2,0),"-") -> 682.752 | K46: 846.1999 | L46: 0 | M46: =IFERROR(IF(K46>J46,"Not Meet Target","Meet Target"),"-") -> Not Meet Target | N46: =IFERROR(VLOOKUP(D46,'Team Member List'!B:C,2,0),"") -> TL Lindgren | O46: View ticket
A47: First Review | C47: Chloe Martin | D47: Chloe Martin | E47: Feature Ads | F47: Highlight View | G47: Highlight View | H47: CL | I47: =TRIM(A47) & TRIM(F47) & TRIM(H47) -> First ReviewHighlight ViewCL | J47: =IFERROR(VLOOKUP(I47,'WFM Q4 Target'!J:K,2,0),"-") -> 677.166 | K47: 490.8073 | L47: 0 | M47: =IFERROR(IF(K47>J47,"Not Meet Target","Meet Target"),"-") -> Meet Target | N47: =IFERROR(VLOOKUP(D47,'Team Member List'!B:C,2,0),"") -> TL Okafor | O47: View ticket
A48: First Review | C48: Naledi Dlamini | D48: Naledi Dlamini | E48: Feature Ads | F48: Highlight View | G48: Highlight View | H48: PH | I48: =TRIM(A48) & TRIM(F48) & TRIM(H48) -> First ReviewHighlight ViewPH | J48: =IFERROR(VLOOKUP(I48,'WFM Q4 Target'!J:K,2,0),"-") -> 469.32 | K48: 1715.1502 | L48: 165.3721 | M48: =IFERROR(IF(K48>J48,"Not Meet Target","Meet Target"),"-") -> Not Meet Target | N48: =IFERROR(VLOOKUP(D48,'Team Member List'!B:C,2,0),"") -> TL Cabrera | O48: View ticket
A49: First Review | C49: Dimitri Volkov | D49: Dimitri Volkov | E49: Feature Ads | F49: Highlight View | G49: Highlight View | H49: GB | I49: =TRIM(A49) & TRIM(F49) & TRIM(H49) -> First ReviewHighlight ViewGB | J49: =IFERROR(VLOOKUP(I49,'WFM Q4 Target'!J:K,2,0),"-") -> 151.884 | K49: 135.8956 | L49: 0 | M49: =IFERROR(IF(K49>J49,"Not Meet Target","Meet Target"),"-") -> Meet Target | N49: =IFERROR(VLOOKUP(D49,'Team Member List'!B:C,2,0),"") -> TL Okafor | O49: View ticket
A50: First Review | C50: Tomas Novotny | D50: Tomas Novotny | E50: Bid Ads | F50: Bid Ecom Ads Group | G50: Bid Ecom Ads Group | H50: ID | I50: =TRIM(A50) & TRIM(F50) & TRIM(H50) -> First ReviewBid Ecom Ads GroupID | J50: =IFERROR(VLOOKUP(I50,'WFM Q4 Target'!J:K,2,0),"-") -> 155.28 | K50: 206.8217 | L50: 399.1934 | M50: =IFERROR(IF(K50>J50,"Not Meet Target","Meet Target"),"-") -> Not Meet Target | N50: =IFERROR(VLOOKUP(D50,'Team Member List'!B:C,2,0),"") -> TL Ramirez | O50: View ticket
A51: First Review | C51: Farid Rahman | D51: Farid Rahman | E51: Bid Ads | F51: Bid Ad Group | G51: Bid Ad Group | H51: US | I51: =TRIM(A51) & TRIM(F51) & TRIM(H51) -> First ReviewBid Ad GroupUS | J51: =IFERROR(VLOOKUP(I51,'WFM Q4 Target'!J:K,2,0),"-") -> 139.032 | K51: 369.8117 | L51: 183.0572 | M51: =IFERROR(IF(K51>J51,"Not Meet Target","Meet Target"),"-") -> Not Meet Target | N51: =IFERROR(VLOOKUP(D51,'Team Member List'!B:C,2,0),"") -> TL Lindgren | O51: View ticket
A52: First Review | D52: Farid Rahman | E52: Feature Ads | F52: Highlight View | G52: Highlight View | H52: DE | I52: =TRIM(A52) & TRIM(F52) & TRIM(H52) -> First ReviewHighlight ViewDE | J52: =IFERROR(VLOOKUP(I52,'WFM Q4 Target'!J:K,2,0),"-") -> 682.752 | K52: 664.8906 | L52: 0 | M52: =IFERROR(IF(K52>J52,"Not Meet Target","Meet Target"),"-") -> Meet Target | N52: =IFERROR(VLOOKUP(D52,'Team Member List'!B:C,2,0),"") -> TL Lindgren | O52: View ticket
A53: First Review | C53: Sofia Novak | D53: Sofia Novak | E53: Bid Ads | F53: Bid Ad Group | G53: Bid Ad Group | H53: AE | I53: =TRIM(A53) & TRIM(F53) & TRIM(H53) -> First ReviewBid Ad GroupAE | J53: =IFERROR(VLOOKUP(I53,'WFM Q4 Target'!J:K,2,0),"-") -> 99.72 | K53: 191.039 | L53: 60.2435 | M53: =IFERROR(IF(K53>J53,"Not Meet Target","Meet Target"),"-") -> Not Meet Target | N53: =IFERROR(VLOOKUP(D53,'Team Member List'!B:C,2,0),"") -> TL Okafor | O53: View ticket
A54: First Review | D54: Sofia Novak | F54: Bid Ad Group | H54: SA | I54: =TRIM(A54) & TRIM(F54) & TRIM(H54) -> First ReviewBid Ad GroupSA | J54: =IFERROR(VLOOKUP(I54,'WFM Q4 Target'!J:K,2,0),"-") -> 111.966 | K54: 134.181 | L54: 66.645 | M54: =IFERROR(IF(K54>J54,"Not Meet Target","Meet Target"),"-") -> Not Meet Target | N54: =IFERROR(VLOOKUP(D54,'Team Member List'!B:C,2,0),"") -> TL Okafor | O54: View ticket
A55: First Review | D55: Sofia Novak | E55: Feature Ads | F55: Booking Ads Pre Approval | G55: Booking Ads Pre Approval | H55: KR | I55: =TRIM(A55) & TRIM(F55) & TRIM(H55) -> First ReviewBooking Ads Pre ApprovalKR | J55: =IFERROR(VLOOKUP(I55,'WFM Q4 Target'!J:K,2,0),"-") -> - | K55: 152.629 | L55: 20.2095 | M55: =IFERROR(IF(K55>J55,"Not Meet Target","Meet Target"),"-") -> Meet Target | N55: =IFERROR(VLOOKUP(D55,'Team Member List'!B:C,2,0),"") -> TL Okafor | O55: View ticket
A56: First Review | D56: Sofia Novak | E56: Quest | F56: BE Adv Campaign | G56: BE Adv Campaign | H56: PH | I56: =TRIM(A56) & TRIM(F56) & TRIM(H56) -> First ReviewBE Adv CampaignPH | J56: =IFERROR(VLOOKUP(I56,'WFM Q4 Target'!J:K,2,0),"-") -> 77.454 | K56: 287.0117 | L56: 0 | M56: =IFERROR(IF(K56>J56,"Not Meet Target","Meet Target"),"-") -> Not Meet Target | N56: =IFERROR(VLOOKUP(D56,'Team Member List'!B:C,2,0),"") -> TL Okafor | O56: View ticket
A57: First Review | D57: Sofia Novak | F57: Quest Adv Video | G57: Quest Adv Video | H57: PH | I57: =TRIM(A57) & TRIM(F57) & TRIM(H57) -> First ReviewQuest Adv VideoPH | J57: =IFERROR(VLOOKUP(I57,'WFM Q4 Target'!J:K,2,0),"-") -> 13.278 | K57: 356.0621 | L57: 47.4267 | M57: =IFERROR(IF(K57>J57,"Not Meet Target","Meet Target"),"-") -> Not Meet Target | N57: =IFERROR(VLOOKUP(D57,'Team Member List'!B:C,2,0),"") -> TL Okafor | O57: View ticket
A58: First Review | C58: Bram de Vries | D58: Bram de Vries | E58: Bid Ads | F58: Bid Ad Group | G58: Bid Ad Group | H58: MY | I58: =TRIM(A58) & TRIM(F58) & TRIM(H58) -> First ReviewBid Ad GroupMY | J58: =IFERROR(VLOOKUP(I58,'WFM Q4 Target'!J:K,2,0),"-") -> 108.99 | K58: 176.8491 | L58: 485.8725 | M58: =IFERROR(IF(K58>J58,"Not Meet Target","Meet Target"),"-") -> Not Meet Target | N58: =IFERROR(VLOOKUP(D58,'Team Member List'!B:C,2,0),"") -> TL Ramirez | O58: View ticket
A59: First Review | D59: Bram de Vries | F59: Bid Ad Group | H59: SG | I59: =TRIM(A59) & TRIM(F59) & TRIM(H59) -> First ReviewBid Ad GroupSG | J59: =IFERROR(VLOOKUP(I59,'WFM Q4 Target'!J:K,2,0),"-") -> 104.316 | K59: 331.8032 | L59: 85.9466 | M59: =IFERROR(IF(K59>J59,"Not Meet Target","Meet Target"),"-") -> Not Meet Target | N59: =IFERROR(VLOOKUP(D59,'Team Member List'!B:C,2,0),"") -> TL Ramirez | O59: View ticket
A60: First Review | D60: Bram de Vries | F60: Bid Ecom Ads Group | G60: Bid Ecom Ads Group | H60: MY | I60: =TRIM(A60) & TRIM(F60) & TRIM(H60) -> First ReviewBid Ecom Ads GroupMY | J60: =IFERROR(VLOOKUP(I60,'WFM Q4 Target'!J:K,2,0),"-") -> 148.482 | K60: 134.7602 | L60: 213.2307 | M60: =IFERROR(IF(K60>J60,"Not Meet Target","Meet Target"),"-") -> Meet Target | N60: =IFERROR(VLOOKUP(D60,'Team Member List'!B:C,2,0),"") -> TL Ramirez | O60: View ticket
A61: First Review | D61: Bram de Vries | E61: Feature Ads | F61: Media Ads | G61: Media Ads | H61: SG | I61: =TRIM(A61) & TRIM(F61) & TRIM(H61) -> First ReviewMedia AdsSG | J61: =IFERROR(VLOOKUP(I61,'WFM Q4 Target'!J:K,2,0),"-") -> 54.522 | K61: 823.4187 | L61: 0 | M61: =IFERROR(IF(K61>J61,"Not Meet Target","Meet Target"),"-") -> Not Meet Target | N61: =IFERROR(VLOOKUP(D61,'Team Member List'!B:C,2,0),"") -> TL Ramirez | O61: View ticket
A62: First Review | D62: Bram de Vries | F62: Booking Ads Pre Approval | G62: Booking Ads Pre Approval | H62: MY | I62: =TRIM(A62) & TRIM(F62) & TRIM(H62) -> First ReviewBooking Ads Pre ApprovalMY | J62: =IFERROR(VLOOKUP(I62,'WFM Q4 Target'!J:K,2,0),"-") -> 91.824 | K62: 96.5703 | L62: 0 | M62: =IFERROR(IF(K62>J62,"Not Meet Target","Meet Target"),"-") -> Not Meet Target | N62: =IFERROR(VLOOKUP(D62,'Team Member List'!B:C,2,0),"") -> TL Ramirez | O62: View ticket
A63: First Review | C63: Esther Adeyemi | D63: Esther Adeyemi | E63: Feature Ads | F63: Booking Ads Pre Approval | G63: Booking Ads Pre Approval | H63: SG | I63: =TRIM(A63) & TRIM(F63) & TRIM(H63) -> First ReviewBooking Ads Pre ApprovalSG | J63: =IFERROR(VLOOKUP(I63,'WFM Q4 Target'!J:K,2,0),"-") -> 59.52 | K63: 372.005 | L63: 16.8504 | M63: =IFERROR(IF(K63>J63,"Not Meet Target","Meet Target"),"-") -> Not Meet Target | N63: =IFERROR(VLOOKUP(D63,'Team Member List'!B:C,2,0),"") -> TL Cabrera | O63: View ticket
A64: First Review | C64: Amira Haddad | D64: Amira Haddad | E64: Feature Ads | F64: Highlight View | G64: Highlight View | H64: CL | I64: =TRIM(A64) & TRIM(F64) & TRIM(H64) -> First ReviewHighlight ViewCL | J64: =IFERROR(VLOOKUP(I64,'WFM Q4 Target'!J:K,2,0),"-") -> 677.166 | K64: 830.3568 | L64: 0 | M64: =IFERROR(IF(K64>J64,"Not Meet Target","Meet Target"),"-") -> Not Meet Target | N64: =IFERROR(VLOOKUP(D64,'Team Member List'!B:C,2,0),"") -> TL Lindgren | O64: View ticket
A65: First Review | D65: Amira Haddad | F65: Highlight View | H65: CO | I65: =TRIM(A65) & TRIM(F65) & TRIM(H65) -> First ReviewHighlight ViewCO | J65: =IFERROR(VLOOKUP(I65,'WFM Q4 Target'!J:K,2,0),"-") -> 513.444 | K65: 437.6683 | L65: 0 | M65: =IFERROR(IF(K65>J65,"Not Meet Target","Meet Target"),"-") -> Meet Target | N65: =IFERROR(VLOOKUP(D65,'Team Member List'!B:C,2,0),"") -> TL Lindgren | O65: View ticket
A66: First Review | C66: Kaia Nilsen | D66: Kaia Nilsen | E66: Feature Ads | F66: Highlight View | G66: Highlight View | H66: TW | I66: =TRIM(A66) & TRIM(F66) & TRIM(H66) -> First ReviewHighlight ViewTW | J66: =IFERROR(VLOOKUP(I66,'WFM Q4 Target'!J:K,2,0),"-") -> 261.162 | K66: 186.6123 | L66: 0 | M66: =IFERROR(IF(K66>J66,"Not Meet Target","Meet Target"),"-") -> Meet Target | N66: =IFERROR(VLOOKUP(D66,'Team Member List'!B:C,2,0),"") -> TL Okafor | O66: View ticket
A67: First Review | C67: Beatriz Souza | D67: Beatriz Souza | E67: Bid Ads | F67: Bid Ad Group | G67: Bid Ad Group | H67: JP | I67: =TRIM(A67) & TRIM(F67) & TRIM(H67) -> First ReviewBid Ad GroupJP | J67: =IFERROR(VLOOKUP(I67,'WFM Q4 Target'!J:K,2,0),"-") -> 140.514 | K67: 280.2434 | L67: 69.7508 | M67: =IFERROR(IF(K67>J67,"Not Meet Target","Meet Target"),"-") -> Not Meet Target | N67: =IFERROR(VLOOKUP(D67,'Team Member List'!B:C,2,0),"") -> TL Okafor | O67: View ticket
A68: First Review | D68: Beatriz Souza | F68: Bid Ecom Video | G68: Bid Ecom Video | H68: JP | I68: =TRIM(A68) & TRIM(F68) & TRIM(H68) -> First ReviewBid Ecom VideoJP | J68: =IFERROR(VLOOKUP(I68,'WFM Q4 Target'!J:K,2,0),"-") -> 60.69 | K68: 265.5028 | L68: 72.0195 | M68: =IFERROR(IF(K68>J68,"Not Meet Target","Meet Target"),"-") -> Not Meet Target | N68: =IFERROR(VLOOKUP(D68,'Team Member List'!B:C,2,0),"") -> TL Okafor | O68: View ticket
A69: First Review | C69: Ravi Kapoor | D69: Ravi Kapoor | E69: Bid Ads | F69: Bid Ad Group | G69: Bid Ad Group | H69: ID | I69: =TRIM(A69) & TRIM(F69) & TRIM(H69) -> First ReviewBid Ad GroupID | J69: =IFERROR(VLOOKUP(I69,'WFM Q4 Target'!J:K,2,0),"-") -> 118.062 | K69: 287.4702 | L69: 152.5862 | M69: =IFERROR(IF(K69>J69,"Not Meet Target","Meet Target"),"-") -> Not Meet Target | N69: =IFERROR(VLOOKUP(D69,'Team Member List'!B:C,2,0),"") -> TL Ramirez | O69: View ticket
A70: First Review | D70: Ravi Kapoor | F70: Bid Ecom Ads Group | G70: Bid Ecom Ads Group | H70: ID | I70: =TRIM(A70) & TRIM(F70) & TRIM(H70) -> First ReviewBid Ecom Ads GroupID | J70: =IFERROR(VLOOKUP(I70,'WFM Q4 Target'!J:K,2,0),"-") -> 155.28 | K70: 144.5607 | L70: 90.8473 | M70: =IFERROR(IF(K70>J70,"Not Meet Target","Meet Target"),"-") -> Meet Target | N70: =IFERROR(VLOOKUP(D70,'Team Member List'!B:C,2,0),"") -> TL Ramirez | O70: View ticket
A71: First Review | D71: Ravi Kapoor | F71: Bid Ecom URL | G71: Bid Ecom URL | H71: ID | I71: =TRIM(A71) & TRIM(F71) & TRIM(H71) -> First ReviewBid Ecom URLID | J71: =IFERROR(VLOOKUP(I71,'WFM Q4 Target'!J:K,2,0),"-") -> 64.764 | K71: 233.051 | L71: 0 | M71: =IFERROR(IF(K71>J71,"Not Meet Target","Meet Target"),"-") -> Not Meet Target | N71: =IFERROR(VLOOKUP(D71,'Team Member List'!B:C,2,0),"") -> TL Ramirez | O71: View ticket
A72: First Review | D72: Ravi Kapoor | E72: Feature Ads | F72: Reach & Frequency | G72: Reach & Frequency | H72: ID | I72: =TRIM(A72) & TRIM(F72) & TRIM(H72) -> First ReviewReach & FrequencyID | J72: =IFERROR(VLOOKUP(I72,'WFM Q4 Target'!J:K,2,0),"-") -> - | K72: 477.3395 | L72: 231.4824 | M72: =IFERROR(IF(K72>J72,"Not Meet Target","Meet Target"),"-") -> Meet Target | N72: =IFERROR(VLOOKUP(D72,'Team Member List'!B:C,2,0),"") -> TL Ramirez | O72: View ticket
A73: First Review | D73: Ravi Kapoor | F73: Highlight View | G73: Highlight View | H73: ID | I73: =TRIM(A73) & TRIM(F73) & TRIM(H73) -> First ReviewHighlight ViewID | J73: =IFERROR(VLOOKUP(I73,'WFM Q4 Target'!J:K,2,0),"-") -> 590.502 | K73: 116.8596 | L73: 17.3837 | M73: =IFERROR(IF(K73>J73,"Not Meet Target","Meet Target"),"-") -> Meet Target | N73: =IFERROR(VLOOKUP(D73,'Team Member List'!B:C,2,0),"") -> TL Ramirez | O73: View ticket
A74: First Review | C74: Noah Bergstrom | D74: Noah Bergstrom | E74: Feature Ads | F74: Booking Ads Pre Approval | G74: Booking Ads Pre Approval | H74: VN | I74: =TRIM(A74) & TRIM(F74) & TRIM(H74) -> First ReviewBooking Ads Pre ApprovalVN | J74: =IFERROR(VLOOKUP(I74,'WFM Q4 Target'!J:K,2,0),"-") -> 213.222 | K74: 636.8632 | L74: 32.0359 | M74: =IFERROR(IF(K74>J74,"Not Meet Target","Meet Target"),"-") -> Not Meet Target | N74: =IFERROR(VLOOKUP(D74,'Team Member List'!B:C,2,0),"") -> TL Lindgren | O74: View ticket
A75: First Review | D75: Noah Bergstrom | F75: Highlight View | G75: Highlight View | H75: VN | I75: =TRIM(A75) & TRIM(F75) & TRIM(H75) -> First ReviewHighlight ViewVN | J75: =IFERROR(VLOOKUP(I75,'WFM Q4 Target'!J:K,2,0),"-") -> 286.158 | K75: 532.1362 | L75: 24.1226 | M75: =IFERROR(IF(K75>J75,"Not Meet Target","Meet Target"),"-") -> Not Meet Target | N75: =IFERROR(VLOOKUP(D75,'Team Member List'!B:C,2,0),"") -> TL Lindgren | O75: View ticket
A76: First Review | C76: Talia Rosen | D76: Talia Rosen | E76: Bid Ads | F76: Bid Ad Group | G76: Bid Ad Group | H76: ID | I76: =TRIM(A76) & TRIM(F76) & TRIM(H76) -> First ReviewBid Ad GroupID | J76: =IFERROR(VLOOKUP(I76,'WFM Q4 Target'!J:K,2,0),"-") -> 118.062 | K76: 102.2693 | L76: 294.825 | M76: =IFERROR(IF(K76>J76,"Not Meet Target","Meet Target"),"-") -> Meet Target | N76: =IFERROR(VLOOKUP(D76,'Team Member List'!B:C,2,0),"") -> TL Ramirez | O76: View ticket
A77: First Review | D77: Talia Rosen | E77: Feature Ads | F77: Booking Ads Pre Approval | G77: Booking Ads Pre Approval | H77: ID | I77: =TRIM(A77) & TRIM(F77) & TRIM(H77) -> First ReviewBooking Ads Pre ApprovalID | J77: =IFERROR(VLOOKUP(I77,'WFM Q4 Target'!J:K,2,0),"-") -> 271.992 | K77: 314.1535 | L77: 11.6321 | M77: =IFERROR(IF(K77>J77,"Not Meet Target","Meet Target"),"-") -> Not Meet Target | N77: =IFERROR(VLOOKUP(D77,'Team Member List'!B:C,2,0),"") -> TL Ramirez | O77: View ticket
A78: First Review | D78: Talia Rosen | F78: Highlight View | G78: Highlight View | H78: BD | I78: =TRIM(A78) & TRIM(F78) & TRIM(H78) -> First ReviewHighlight ViewBD | J78: =IFERROR(VLOOKUP(I78,'WFM Q4 Target'!J:K,2,0),"-") -> 129.36 | K78: 1025.4526 | L78: 0 | M78: =IFERROR(IF(K78>J78,"Not Meet Target","Meet Target"),"-") -> Not Meet Target | N78: =IFERROR(VLOOKUP(D78,'Team Member List'!B:C,2,0),"") -> TL Ramirez | O78: View ticket
A79: First Review | D79: Talia Rosen | F79: Highlight View | H79: DE | I79: =TRIM(A79) & TRIM(F79) & TRIM(H79) -> First ReviewHighlight ViewDE | J79: =IFERROR(VLOOKUP(I79,'WFM Q4 Target'!J:K,2,0),"-") -> 682.752 | K79: 265.7897 | L79: 0 | M79: =IFERROR(IF(K79>J79,"Not Meet Target","Meet Target"),"-") -> Meet Target | N79: =IFERROR(VLOOKUP(D79,'Team Member List'!B:C,2,0),"") -> TL Ramirez | O79: View ticket
A80: First Review | D80: Talia Rosen | F80: Highlight View | H80: ES | I80: =TRIM(A80) & TRIM(F80) & TRIM(H80) -> First ReviewHighlight ViewES | J80: =IFERROR(VLOOKUP(I80,'WFM Q4 Target'!J:K,2,0),"-") -> 168.468 | K80: 311.0365 | L80: 0 | M80: =IFERROR(IF(K80>J80,"Not Meet Target","Meet Target"),"-") -> Not Meet Target | N80: =IFERROR(VLOOKUP(D80,'Team Member List'!B:C,2,0),"") -> TL Ramirez | O80: View ticket
A81: First Review | D81: Talia Rosen | F81: Highlight View | H81: GB | I81: =TRIM(A81) & TRIM(F81) & TRIM(H81) -> First ReviewHighlight ViewGB | J81: =IFERROR(VLOOKUP(I81,'WFM Q4 Target'!J:K,2,0),"-") -> 151.884 | K81: 509.1419 | L81: 0 | M81: =IFERROR(IF(K81>J81,"Not Meet Target","Meet Target"),"-") -> Not Meet Target | N81: =IFERROR(VLOOKUP(D81,'Team Member List'!B:C,2,0),"") -> TL Ramirez | O81: View ticket
A82: First Review | D82: Talia Rosen | F82: Highlight View | H82: ID | I82: =TRIM(A82) & TRIM(F82) & TRIM(H82) -> First ReviewHighlight ViewID | J82: =IFERROR(VLOOKUP(I82,'WFM Q4 Target'!J:K,2,0),"-") -> 590.502 | K82: 116.6679 | L82: 7.7691 | M82: =IFERROR(IF(K82>J82,"Not Meet Target","Meet Target"),"-") -> Meet Target | N82: =IFERROR(VLOOKUP(D82,'Team Member List'!B:C,2,0),"") -> TL Ramirez | O82: View ticket
A83: First Review | D83: Talia Rosen | F83: Highlight View | H83: IT | I83: =TRIM(A83) & TRIM(F83) & TRIM(H83) -> First ReviewHighlight ViewIT | J83: =IFERROR(VLOOKUP(I83,'WFM Q4 Target'!J:K,2,0),"-") -> 374.34 | K83: 123.6176 | L83: 0 | M83: =IFERROR(IF(K83>J83,"Not Meet Target","Meet Target"),"-") -> Meet Target | N83: =IFERROR(VLOOKUP(D83,'Team Member List'!B:C,2,0),"") -> TL Ramirez | O83: View ticket
A84: First Review | D84: Talia Rosen | F84: Highlight View | H84: PL | I84: =TRIM(A84) & TRIM(F84) & TRIM(H84) -> First ReviewHighlight ViewPL | J84: =IFERROR(VLOOKUP(I84,'WFM Q4 Target'!J:K,2,0),"-") -> 598.278 | K84: 501.515 | L84: 0 | M84: =IFERROR(IF(K84>J84,"Not Meet Target","Meet Target"),"-") -> Meet Target | N84: =IFERROR(VLOOKUP(D84,'Team Member List'!B:C,2,0),"") -> TL Ramirez | O84: View ticket
A85: First Review | D85: Talia Rosen | F85: Highlight View | H85: SA | I85: =TRIM(A85) & TRIM(F85) & TRIM(H85) -> First ReviewHighlight ViewSA | J85: =IFERROR(VLOOKUP(I85,'WFM Q4 Target'!J:K,2,0),"-") -> 778.374 | K85: 795.0337 | L85: 0 | M85: =IFERROR(IF(K85>J85,"Not Meet Target","Meet Target"),"-") -> Not Meet Target | N85: =IFERROR(VLOOKUP(D85,'Team Member List'!B:C,2,0),"") -> TL Ramirez | O85: View ticket
A86: First Review | D86: Talia Rosen | F86: Highlight View | H86: TR | I86: =TRIM(A86) & TRIM(F86) & TRIM(H86) -> First ReviewHighlight ViewTR | J86: =IFERROR(VLOOKUP(I86,'WFM Q4 Target'!J:K,2,0),"-") -> 408.006 | K86: 310.8618 | L86: 0 | M86: =IFERROR(IF(K86>J86,"Not Meet Target","Meet Target"),"-") -> Meet Target | N86: =IFERROR(VLOOKUP(D86,'Team Member List'!B:C,2,0),"") -> TL Ramirez | O86: View ticket
A87: First Review | C87: Jonas Weber | D87: Jonas Weber | E87: Bid Ads | F87: Bid Ad Group | G87: Bid Ad Group | H87: VN | I87: =TRIM(A87) & TRIM(F87) & TRIM(H87) -> First ReviewBid Ad GroupVN | J87: =IFERROR(VLOOKUP(I87,'WFM Q4 Target'!J:K,2,0),"-") -> 220.83 | K87: 3883.9091 | L87: 109.7831 | M87: =IFERROR(IF(K87>J87,"Not Meet Target","Meet Target"),"-") -> Not Meet Target | N87: =IFERROR(VLOOKUP(D87,'Team Member List'!B:C,2,0),"") -> TL Lindgren | O87: View ticket
A88: First Review | D88: Jonas Weber | F88: Bid Ecom Ads Group | G88: Bid Ecom Ads Group | H88: AU | I88: =TRIM(A88) & TRIM(F88) & TRIM(H88) -> First ReviewBid Ecom Ads GroupAU | J88: =IFERROR(VLOOKUP(I88,'WFM Q4 Target'!J:K,2,0),"-") -> 157.866 | K88: 125.0986 | L88: 48.3952 | M88: =IFERROR(IF(K88>J88,"Not Meet Target","Meet Target"),"-") -> Meet Target | N88: =IFERROR(VLOOKUP(D88,'Team Member List'!B:C,2,0),"") -> TL Lindgren | O88: View ticket
A89: First Review | D89: Jonas Weber | E89: Feature Ads | F89: Booking Ads Pre Approval | G89: Booking Ads Pre Approval | H89: AU | I89: =TRIM(A89) & TRIM(F89) & TRIM(H89) -> First ReviewBooking Ads Pre ApprovalAU | J89: =IFERROR(VLOOKUP(I89,'WFM Q4 Target'!J:K,2,0),"-") -> 174.66 | K89: 326.0734 | L89: 13.969 | M89: =IFERROR(IF(K89>J89,"Not Meet Target","Meet Target"),"-") -> Not Meet Target | N89: =IFERROR(VLOOKUP(D89,'Team Member List'!B:C,2,0),"") -> TL Lindgren | O89: View ticket
A90: First Review | D90: Jonas Weber | F90: Booking Ads Pre Approval | H90: VN | I90: =TRIM(A90) & TRIM(F90) & TRIM(H90) -> First ReviewBooking Ads Pre ApprovalVN | J90: =IFERROR(VLOOKUP(I90,'WFM Q4 Target'!J:K,2,0),"-") -> 213.222 | K90: 466.6083 | L90: 44.9172 | M90: =IFERROR(IF(K90>J90,"Not Meet Target","Meet Target"),"-") -> Not Meet Target | N90: =IFERROR(VLOOKUP(D90,'Team Member List'!B:C,2,0),"") -> TL Lindgren | O90: View ticket
A91: First Review | D91: Jonas Weber | F91: Highlight View | G91: Highlight View | H91: AU | I91: =TRIM(A91) & TRIM(F91) & TRIM(H91) -> First ReviewHighlight ViewAU | J91: =IFERROR(VLOOKUP(I91,'WFM Q4 Target'!J:K,2,0),"-") -> 172.554 | K91: 230.744 | L91: 0 | M91: =IFERROR(IF(K91>J91,"Not Meet Target","Meet Target"),"-") -> Not Meet Target | N91: =IFERROR(VLOOKUP(D91,'Team Member List'!B:C,2,0),"") -> TL Lindgren | O91: View ticket
A92: First Review | D92: Jonas Weber | F92: Highlight View | H92: DE | I92: =TRIM(A92) & TRIM(F92) & TRIM(H92) -> First ReviewHighlight ViewDE | J92: =IFERROR(VLOOKUP(I92,'WFM Q4 Target'!J:K,2,0),"-") -> 682.752 | K92: 508.0316 | L92: 0 | M92: =IFERROR(IF(K92>J92,"Not Meet Target","Meet Target"),"-") -> Meet Target | N92: =IFERROR(VLOOKUP(D92,'Team Member List'!B:C,2,0),"") -> TL Lindgren | O92: View ticket
A93: First Review | D93: Jonas Weber | F93: Highlight View | H93: FR | I93: =TRIM(A93) & TRIM(F93) & TRIM(H93) -> First ReviewHighlight ViewFR | J93: =IFERROR(VLOOKUP(I93,'WFM Q4 Target'!J:K,2,0),"-") -> 636.57 | K93: 333.9462 | L93: 0 | M93: =IFERROR(IF(K93>J93,"Not Meet Target","Meet Target"),"-") -> Meet Target | N93: =IFERROR(VLOOKUP(D93,'Team Member List'!B:C,2,0),"") -> TL Lindgren | O93: View ticket
A94: First Review | D94: Jonas Weber | F94: Highlight View | H94: VN | I94: =TRIM(A94) & TRIM(F94) & TRIM(H94) -> First ReviewHighlight ViewVN | J94: =IFERROR(VLOOKUP(I94,'WFM Q4 Target'!J:K,2,0),"-") -> 286.158 | K94: 209.1999 | L94: 42.5668 | M94: =IFERROR(IF(K94>J94,"Not Meet Target","Meet Target"),"-") -> Meet Target | N94: =IFERROR(VLOOKUP(D94,'Team Member List'!B:C,2,0),"") -> TL Lindgren | O94: View ticket
A95: First Review | C95: Grace Osei | D95: Grace Osei | E95: Bid Ads | F95: Bid Ad Group | G95: Bid Ad Group | H95: ID | I95: =TRIM(A95) & TRIM(F95) & TRIM(H95) -> First ReviewBid Ad GroupID | J95: =IFERROR(VLOOKUP(I95,'WFM Q4 Target'!J:K,2,0),"-") -> 118.062 | K95: 156.6881 | L95: 242.9079 | M95: =IFERROR(IF(K95>J95,"Not Meet Target","Meet Target"),"-") -> Not Meet Target | N95: =IFERROR(VLOOKUP(D95,'Team Member List'!B:C,2,0),"") -> TL Ramirez | O95: View ticket
A96: First Review | D96: Grace Osei | F96: Bid Ecom Ads Group | G96: Bid Ecom Ads Group | H96: ID | I96: =TRIM(A96) & TRIM(F96) & TRIM(H96) -> First ReviewBid Ecom Ads GroupID | J96: =IFERROR(VLOOKUP(I96,'WFM Q4 Target'!J:K,2,0),"-") -> 155.28 | K96: 148.7819 | L96: 158.3219 | M96: =IFERROR(IF(K96>J96,"Not Meet Target","Meet Target"),"-") -> Meet Target | N96: =IFERROR(VLOOKUP(D96,'Team Member List'!B:C,2,0),"") -> TL Ramirez | O96: View ticket
A97: First Review | D97: Grace Osei | E97: Quest | F97: HTC Adv Campaign | G97: HTC Adv Campaign | H97: ID | I97: =TRIM(A97) & TRIM(F97) & TRIM(H97) -> First ReviewHTC Adv CampaignID | J97: =IFERROR(VLOOKUP(I97,'WFM Q4 Target'!J:K,2,0),"-") -> 48.804 | K97: 187.1003 | L97: 0 | M97: =IFERROR(IF(K97>J97,"Not Meet Target","Meet Target"),"-") -> Not Meet Target | N97: =IFERROR(VLOOKUP(D97,'Team Member List'!B:C,2,0),"") -> TL Ramirez | O97: View ticket
A98: First Review | D98: Grace Osei | F98: HTC Adv Video | G98: HTC Adv Video | H98: ID | I98: =TRIM(A98) & TRIM(F98) & TRIM(H98) -> First ReviewHTC Adv VideoID | J98: =IFERROR(VLOOKUP(I98,'WFM Q4 Target'!J:K,2,0),"-") -> - | K98: 517.863 | L98: 9.0018 | M98: =IFERROR(IF(K98>J98,"Not Meet Target","Meet Target"),"-") -> Meet Target | N98: =IFERROR(VLOOKUP(D98,'Team Member List'!B:C,2,0),"") -> TL Ramirez | O98: View ticket
A99: First Review | D99: Grace Osei | F99: Quest Adv Video | G99: Quest Adv Video | H99: ID | I99: =TRIM(A99) & TRIM(F99) & TRIM(H99) -> First ReviewQuest Adv VideoID | J99: =IFERROR(VLOOKUP(I99,'WFM Q4 Target'!J:K,2,0),"-") -> 49.086 | K99: 188.7052 | L99: 28.7736 | M99: =IFERROR(IF(K99>J99,"Not Meet Target","Meet Target"),"-") -> Not Meet Target | N99: =IFERROR(VLOOKUP(D99,'Team Member List'!B:C,2,0),"") -> TL Ramirez | O99: View ticket
A100: First Review | C100: Omar Fathi | D100: Omar Fathi | E100: Bid Ads | F100: Bid Ad Group | G100: Bid Ad Group | H100: JP | I100: =TRIM(A100) & TRIM(F100) & TRIM(H100) -> First ReviewBid Ad GroupJP | J100: =IFERROR(VLOOKUP(I100,'WFM Q4 Target'!J:K,2,0),"-") -> 140.514 | K100: 430.6265 | L100: 16.976 | M100: =IFERROR(IF(K100>J100,"Not Meet Target","Meet Target"),"-") -> Not Meet Target | N100: =IFERROR(VLOOKUP(D100,'Team Member List'!B:C,2,0),"") -> TL Okafor | O100: View ticket
...

Sheet W49
A1: Notes: Summary of specialist AHT for tickets exceeding target (sample data)
A2: Color Scheme: RED text when AHT does not meet the WFM target
A3: Audit Stage | B3: Audit Stage | C3: Name | D3: Name (Refer) | E3: product_level1_name | F3: product_level2_name | G3: product_level2_name | H3: delivery_country | I3: Helper | J3: AHT Target (sec) (WFM) | K3: 2024-W49(12/02~12/08) | M3: Meet Target | N3: TL Name | O3: Reference Link
K4: AHT (sec) | L4: Average Video Duration (sec)
A5: First Review | C5: Farid Rahman | D5: Farid Rahman | E5: Bid Ads | F5: Bid Ad Group | G5: Bid Ad Group | H5: VN | I5: =TRIM(A5) & TRIM(F5) & TRIM(H5) -> First ReviewBid Ad GroupVN | J5: =IFERROR(VLOOKUP(I5,'WFM Q4 Target'!J:K,2,0),"-") -> 220.83 | K5: 788.036 | L5: 62.3131 | M5: =IFERROR(IF(K5>J5,"Not Meet Target","Meet Target"),"-") -> Not Meet Target | N5: =IFERROR(VLOOKUP(D5,'Team Member List'!B:C,2,0),"") -> TL Lindgren | O5: View ticket
A6: First Review | D6: Farid Rahman | E6: Quest | F6: Quest Adv Campaign | G6: Quest Adv Campaign | H6: VN | I6: =TRIM(A6) & TRIM(F6) & TRIM(H6) -> First ReviewQuest Adv CampaignVN | J6: =IFERROR(VLOOKUP(I6,'WFM Q4 Target'!J:K,2,0),"-") -> 744.528 | K6: 321.7689 | L6: 0 | M6: =IFERROR(IF(K6>J6,"Not Meet Target","Meet Target"),"-") -> Meet Target | N6: =IFERROR(VLOOKUP(D6,'Team Member List'!B:C,2,0),"") -> TL Lindgren | O6: View ticket
A7: First Review | C7: Zara Iqbal | D7: Zara Iqbal | E7: Bid Ads | F7: Bid Ad Group | G7: Bid Ad Group | H7: PH | I7: =TRIM(A7) & TRIM(F7) & TRIM(H7) -> First ReviewBid Ad GroupPH | J7: =IFERROR(VLOOKUP(I7,'WFM Q4 Target'!J:K,2,0),"-") -> 81.798 | K7: 629.0067 | L7: 108.8914 | M7: =IFERROR(IF(K7>J7,"Not Meet Target","Meet Target"),"-") -> Not Meet Target | N7: =IFERROR(VLOOKUP(D7,'Team Member List'!B:C,2,0),"") -> TL Okafor | O7: View ticket
A8: First Review | D8: Zara Iqbal | E8: Feature Ads | F8: Highlight View | G8: Highlight View | H8: ES | I8: =TRIM(A8) & TRIM(F8) & TRIM(H8) -> First ReviewHighlight ViewES | J8: =IFERROR(VLOOKUP(I8,'WFM Q4 Target'!J:K,2,0),"-") -> 168.468 | K8: 484.0649 | L8: 0 | M8: =IFERROR(IF(K8>J8,"Not Meet Target","Meet Target"),"-") -> Not Meet Target | N8: =IFERROR(VLOOKUP(D8,'Team Member List'!B:C,2,0),"") -> TL Okafor | O8: View ticket
A9: First Review | D9: Zara Iqbal | G9: Highlight View | H9: JP | I9: =TRIM(A9) & TRIM(F9) & TRIM(H9) -> First ReviewJP | J9: =IFERROR(VLOOKUP(I9,'WFM Q4 Target'!J:K,2,0),"-") -> - | K9: 458.0081 | L9: 0 | M9: =IFERROR(IF(K9>J9,"Not Meet Target","Meet Target"),"-") -> Meet Target | N9: =IFERROR(VLOOKUP(D9,'Team Member List'!B:C,2,0),"") -> TL Okafor | O9: View ticket
A10: First Review | C10: Theo Andersson | D10: Theo Andersson | E10: Bid Ads | F10: Bid Ad Group | G10: Bid Ad Group | H10: KR | I10: =TRIM(A10) & TRIM(F10) & TRIM(H10) -> First ReviewBid Ad GroupKR | J10: =IFERROR(VLOOKUP(I10,'WFM Q4 Target'!J:K,2,0),"-") -> 136.11 | K10: 394.8184 | L10: 818.5854 | M10: =IFERROR(IF(K10>J10,"Not Meet Target","Meet Target"),"-") -> Not Meet Target | N10: =IFERROR(VLOOKUP(D10,'Team Member List'!B:C,2,0),"") -> TL Okafor | O10: View ticket
A11: First Review | D11: Theo Andersson | E11: Boost | F11: Boost Video | G11: Boost Video | H11: KR | I11: =TRIM(A11) & TRIM(F11) & TRIM(H11) -> First ReviewBoost VideoKR | J11: =IFERROR(VLOOKUP(I11,'WFM Q4 Target'!J:K,2,0),"-") -> 191.058 | K11: 133.3257 | L11: 132.1679 | M11: =IFERROR(IF(K11>J11,"Not Meet Target","Meet Target"),"-") -> Meet Target | N11: =IFERROR(VLOOKUP(D11,'Team Member List'!B:C,2,0),"") -> TL Okafor | O11: View ticket
A12: First Review | C12: Ivy Tan | D12: Ivy Tan | E12: Feature Ads | F12: Reach & Frequency | G12: Reach & Frequency | H12: ID | I12: =TRIM(A12) & TRIM(F12) & TRIM(H12) -> First ReviewReach & FrequencyID | J12: =IFERROR(VLOOKUP(I12,'WFM Q4 Target'!J:K,2,0),"-") -> - | K12: 633.6944 | L12: 172.3822 | M12: =IFERROR(IF(K12>J12,"Not Meet Target","Meet Target"),"-") -> Meet Target | N12: =IFERROR(VLOOKUP(D12,'Team Member List'!B:C,2,0),"") -> TL Ramirez | O12: View ticket
A13: First Review | D13: Ivy Tan | F13: Booking Ads Pre Approval | G13: Booking Ads Pre Approval | H13: ID | I13: =TRIM(A13) & TRIM(F13) & TRIM(H13) -> First ReviewBooking Ads Pre ApprovalID | J13: =IFERROR(VLOOKUP(I13,'WFM Q4 Target'!J:K,2,0),"-") -> 271.992 | K13: 148.7059 | L13: 13.2176 | M13: =IFERROR(IF(K13>J13,"Not Meet Target","Meet Target"),"-") -> Meet Target | N13: =IFERROR(VLOOKUP(D13,'Team Member List'!B:C,2,0),"") -> TL Ramirez | O13: View ticket
A14: First Review | D14: Ivy Tan | F14: Highlight View | G14: Highlight View | H14: ID | I14: =TRIM(A14) & TRIM(F14) & TRIM(H14) -> First ReviewHighlight ViewID | J14: =IFERROR(VLOOKUP(I14,'WFM Q4 Target'!J:K,2,0),"-") -> 590.502 | K14: 123.8955 | L14: 0 | M14: =IFERROR(IF(K14>J14,"Not Meet Target","Meet Target"),"-") -> Meet Target | N14: =IFERROR(VLOOKUP(D14,'Team Member List'!B:C,2,0),"") -> TL Ramirez | O14: View ticket
A15: First Review | D15: Ivy Tan | G15: Highlight View | H15: MX | I15: =TRIM(A15) & TRIM(F15) & TRIM(H15) -> First ReviewMX | J15: =IFERROR(VLOOKUP(I15,'WFM Q4 Target'!J:K,2,0),"-") -> - | K15: 228.2878 | L15: 0 | M15: =IFERROR(IF(K15>J15,"Not Meet Target","Meet Target"),"-") -> Meet Target | N15: =IFERROR(VLOOKUP(D15,'Team Member List'!B:C,2,0),"") -> TL Ramirez | O15: View ticket
A16: First Review | D16: Ivy Tan | E16: Quest | F16: HTC Adv Video | G16: HTC Adv Video | H16: ID | I16: =TRIM(A16) & TRIM(F16) & TRIM(H16) -> First ReviewHTC Adv VideoID | J16: =IFERROR(VLOOKUP(I16,'WFM Q4 Target'!J:K,2,0),"-") -> - | K16: 102.1364 | L16: 10.4567 | M16: =IFERROR(IF(K16>J16,"Not Meet Target","Meet Target"),"-") -> Meet Target | N16: =IFERROR(VLOOKUP(D16,'Team Member List'!B:C,2,0),"") -> TL Ramirez | O16: View ticket
A17: First Review | C17: Bram de Vries | D17: Bram de Vries | E17: Bid Ads | F17: Bid Ecom Ads Group | G17: Bid Ecom Ads Group | H17: MY | I17: =TRIM(A17) & TRIM(F17) & TRIM(H17) -> First ReviewBid Ecom Ads GroupMY | J17: =IFERROR(VLOOKUP(I17,'WFM Q4 Target'!J:K,2,0),"-") -> 148.482 | K17: 892.1653 | L17: 903.7876 | M17: =IFERROR(IF(K17>J17,"Not Meet Target","Meet Target"),"-") -> Not Meet Target | N17: =IFERROR(VLOOKUP(D17,'Team Member List'!B:C,2,0),"") -> TL Ramirez | O17: View ticket
A18: First Review | C18: Felix Brandt | D18: Felix Brandt | E18: Bid Ads | F18: Bid Ad Group | G18: Bid Ad Group | H18: BR | I18: =TRIM(A18) & TRIM(F18) & TRIM(H18) -> First ReviewBid Ad GroupBR | J18: =IFERROR(VLOOKUP(I18,'WFM Q4 Target'!J:K,2,0),"-") -> 89.562 | K18: 249.236 | L18: 60.7207 | M18: =IFERROR(IF(K18>J18,"Not Meet Target","Meet Target"),"-") -> Not Meet Target | N18: =IFERROR(VLOOKUP(D18,'Team Member List'!B:C,2,0),"") -> TL Okafor | O18: View ticket
A19: First Review | D19: Felix Brandt | E19: Feature Ads | F19: Highlight View | G19: Highlight View | H19: DE | I19: =TRIM(A19) & TRIM(F19) & TRIM(H19) -> First ReviewHighlight ViewDE | J19: =IFERROR(VLOOKUP(I19,'WFM Q4 Target'!J:K,2,0),"-") -> 682.752 | K19: 325.992 | L19: 0 | M19: =IFERROR(IF(K19>J19,"Not Meet Target","Meet Target"),"-") -> Meet Target | N19: =IFERROR(VLOOKUP(D19,'Team Member List'!B:C,2,0),"") -> TL Okafor | O19: View ticket
A20: First Review | D20: Felix Brandt | G20: Highlight View | H20: PH | I20: =TRIM(A20) & TRIM(F20) & TRIM(H20) -> First ReviewPH | J20: =IFERROR(VLOOKUP(I20,'WFM Q4 Target'!J:K,2,0),"-") -> - | K20: 250.9842 | L20: 0 | M20: =IFERROR(IF(K20>J20,"Not Meet Target","Meet Target"),"-") -> Meet Target | N20: =IFERROR(VLOOKUP(D20,'Team Member List'!B:C,2,0),"") -> TL Okafor | O20: View ticket
A21: First Review | C21: Anika Sharma | D21: Anika Sharma | E21: Feature Ads | F21: Highlight View | G21: Highlight View | H21: TW | I21: =TRIM(A21) & TRIM(F21) & TRIM(H21) -> First ReviewHighlight ViewTW | J21: =IFERROR(VLOOKUP(I21,'WFM Q4 Target'!J:K,2,0),"-") -> 261.162 | K21: 225.8041 | L21: 0 | M21: =IFERROR(IF(K21>J21,"Not Meet Target","Meet Target"),"-") -> Meet Target | N21: =IFERROR(VLOOKUP(D21,'Team Member List'!B:C,2,0),"") -> TL Ramirez | O21: View ticket
A22: First Review | C22: Priya Ramesh | D22: Priya Ramesh | E22: Quest | F22: Quest Adv Video | G22: Quest Adv Video | H22: ID | I22: =TRIM(A22) & TRIM(F22) & TRIM(H22) -> First ReviewQuest Adv VideoID | J22: =IFERROR(VLOOKUP(I22,'WFM Q4 Target'!J:K,2,0),"-") -> 49.086 | K22: 106.594 | L22: 14.1962 | M22: =IFERROR(IF(K22>J22,"Not Meet Target","Meet Target"),"-") -> Not Meet Target | N22: =IFERROR(VLOOKUP(D22,'Team Member List'!B:C,2,0),"") -> TL Ramirez | O22: View ticket
A23: First Review | C23: Mei Lin Chua | D23: Mei Lin Chua | E23: Feature Ads | F23: Highlight View | G23: Highlight View | H23: GB | I23: =TRIM(A23) & TRIM(F23) & TRIM(H23) -> First ReviewHighlight ViewGB | J23: =IFERROR(VLOOKUP(I23,'WFM Q4 Target'!J:K,2,0),"-") -> 151.884 | K23: 158.9864 | L23: 0 | M23: =IFERROR(IF(K23>J23,"Not Meet Target","Meet Target"),"-") -> Not Meet Target | N23: =IFERROR(VLOOKUP(D23,'Team Member List'!B:C,2,0),"") -> TL Lindgren | O23: View ticket
A24: First Review | C24: Jonas Weber | D24: Jonas Weber | E24: Bid Ads | F24: Bid Ad Group | G24: Bid Ad Group | H24: VN | I24: =TRIM(A24) & TRIM(F24) & TRIM(H24) -> First ReviewBid Ad GroupVN | J24: =IFERROR(VLOOKUP(I24,'WFM Q4 Target'!J:K,2,0),"-") -> 220.83 | K24: 201.3463 | L24: 116.9452 | M24: =IFERROR(IF(K24>J24,"Not Meet Target","Meet Target"),"-") -> Meet Target | N24: =IFERROR(VLOOKUP(D24,'Team Member List'!B:C,2,0),"") -> TL Lindgren | O24: View ticket
A25: First Review | D25: Jonas Weber | E25: Feature Ads | F25: Booking Ads Pre Approval | G25: Booking Ads Pre Approval | H25: VN | I25: =TRIM(A25) & TRIM(F25) & TRIM(H25) -> First ReviewBooking Ads Pre ApprovalVN | J25: =IFERROR(VLOOKUP(I25,'WFM Q4 Target'!J:K,2,0),"-") -> 213.222 | K25: 2805.3522 | L25: 40.6546 | M25: =IFERROR(IF(K25>J25,"Not Meet Target","Meet Target"),"-") -> Not Meet Target | N25: =IFERROR(VLOOKUP(D25,'Team Member List'!B:C,2,0),"") -> TL Lindgren | O25: View ticket
A26: First Review | C26: Layla Hassan | D26: Layla Hassan | E26: Feature Ads | F26: Highlight View | G26: Highlight View | H26: CL | I26: =TRIM(A26) & TRIM(F26) & TRIM(H26) -> First ReviewHighlight ViewCL | J26: =IFERROR(VLOOKUP(I26,'WFM Q4 Target'!J:K,2,0),"-") -> 677.166 | K26: 619.1511 | L26: 0 | M26: =IFERROR(IF(K26>J26,"Not Meet Target","Meet Target"),"-") -> Meet Target | N26: =IFERROR(VLOOKUP(D26,'Team Member List'!B:C,2,0),"") -> TL Lindgren | O26: View ticket
A27: First Review | C27: Aleksander Kovac | D27: Aleksander Kovac | E27: Feature Ads | F27: Highlight View | G27: Highlight View | H27: GB | I27: =TRIM(A27) & TRIM(F27) & TRIM(H27) -> First ReviewHighlight ViewGB | J27: =IFERROR(VLOOKUP(I27,'WFM Q4 Target'!J:K,2,0),"-") -> 151.884 | K27: 397.729 | L27: 0 | M27: =IFERROR(IF(K27>J27,"Not Meet Target","Meet Target"),"-") -> Not Meet Target | N27: =IFERROR(VLOOKUP(D27,'Team Member List'!B:C,2,0),"") -> TL Okafor | O27: View ticket
A28: First Review | C28: Kaia Nilsen | D28: Kaia Nilsen | E28: Bid Ads | F28: Bid Ad Group | G28: Bid Ad Group | H28: TW | I28: =TRIM(A28) & TRIM(F28) & TRIM(H28) -> First ReviewBid Ad GroupTW | J28: =IFERROR(VLOOKUP(I28,'WFM Q4 Target'!J:K,2,0),"-") -> 224.148 | K28: 276.7865 | L28: 15.2823 | M28: =IFERROR(IF(K28>J28,"Not Meet Target","Meet Target"),"-") -> Not Meet Target | N28: =IFERROR(VLOOKUP(D28,'Team Member List'!B:C,2,0),"") -> TL Okafor | O28: View ticket
A29: First Review | D29: Kaia Nilsen | E29: Feature Ads | F29: Booking Ads Pre Approval | G29: Booking Ads Pre Approval | H29: TW | I29: =TRIM(A29) & TRIM(F29) & TRIM(H29) -> First ReviewBooking Ads Pre ApprovalTW | J29: =IFERROR(VLOOKUP(I29,'WFM Q4 Target'!J:K,2,0),"-") -> 256.044 | K29: 146.5343 | L29: 12.6506 | M29: =IFERROR(IF(K29>J29,"Not Meet Target","Meet Target"),"-") -> Meet Target | N29: =IFERROR(VLOOKUP(D29,'Team Member List'!B:C,2,0),"") -> TL Okafor | O29: View ticket
A30: First Review | C30: Freya Lindqvist | D30: Freya Lindqvist | E30: Bid Ads | F30: Bid Ad Group | G30: Bid Ad Group | H30: KH | I30: =TRIM(A30) & TRIM(F30) & TRIM(H30) -> First ReviewBid Ad GroupKH | J30: =IFERROR(VLOOKUP(I30,'WFM Q4 Target'!J:K,2,0),"-") -> 82.008 | K30: 419.6478 | L30: 105.018 | M30: =IFERROR(IF(K30>J30,"Not Meet Target","Meet Target"),"-") -> Not Meet Target | N30: =IFERROR(VLOOKUP(D30,'Team Member List'!B:C,2,0),"") -> TL Lindgren | O30: View ticket
A31: First Review | C31: Wei Chen | D31: Wei Chen | E31: Feature Ads | F31: Booking Ads Pre Approval | G31: Booking Ads Pre Approval | H31: TW | I31: =TRIM(A31) & TRIM(F31) & TRIM(H31) -> First ReviewBooking Ads Pre ApprovalTW | J31: =IFERROR(VLOOKUP(I31,'WFM Q4 Target'!J:K,2,0),"-") -> 256.044 | K31: 120.7444 | L31: 15.6377 | M31: =IFERROR(IF(K31>J31,"Not Meet Target","Meet Target"),"-") -> Meet Target | N31: =IFERROR(VLOOKUP(D31,'Team Member List'!B:C,2,0),"") -> TL Okafor | O31: View ticket
A32: First Review | C32: Sofia Novak | D32: Sofia Novak | E32: Feature Ads | F32: Highlight View | G32: Highlight View | H32: CZ | I32: =TRIM(A32) & TRIM(F32) & TRIM(H32) -> First ReviewHighlight ViewCZ | J32: =IFERROR(VLOOKUP(I32,'WFM Q4 Target'!J:K,2,0),"-") -> 6.51 | K32: 191.9052 | L32: 56.3737 | M32: =IFERROR(IF(K32>J32,"Not Meet Target","Meet Target"),"-") -> Not Meet Target | N32: =IFERROR(VLOOKUP(D32,'Team Member List'!B:C,2,0),"") -> TL Okafor | O32: View ticket
A33: First Review | D33: Sofia Novak | G33: Highlight View | H33: MX | I33: =TRIM(A33) & TRIM(F33) & TRIM(H33) -> First ReviewMX | J33: =IFERROR(VLOOKUP(I33,'WFM Q4 Target'!J:K,2,0),"-") -> - | K33: 269.1341 | L33: 0 | M33: =IFERROR(IF(K33>J33,"Not Meet Target","Meet Target"),"-") -> Meet Target | N33: =IFERROR(VLOOKUP(D33,'Team Member List'!B:C,2,0),"") -> TL Okafor | O33: View ticket
A34: First Review | D34: Sofia Novak | G34: Highlight View | H34: PH | I34: =TRIM(A34) & TRIM(F34) & TRIM(H34) -> First ReviewPH | J34: =IFERROR(VLOOKUP(I34,'WFM Q4 Target'!J:K,2,0),"-") -> - | K34: 174.5761 | L34: 0 | M34: =IFERROR(IF(K34>J34,"Not Meet Target","Meet Target"),"-") -> Meet Target | N34: =IFERROR(VLOOKUP(D34,'Team Member List'!B:C,2,0),"") -> TL Okafor | O34: View ticket
A35: First Review | C35: Andres Molina | D35: Andres Molina | E35: Feature Ads | F35: Booking Ads Pre Approval | G35: Booking Ads Pre Approval | H35: BR | I35: =TRIM(A35) & TRIM(F35) & TRIM(H35) -> First ReviewBooking Ads Pre ApprovalBR | J35: =IFERROR(VLOOKUP(I35,'WFM Q4 Target'!J:K,2,0),"-") -> 1137.432 | K35: 4592.4236 | L35: 29.4875 | M35: =IFERROR(IF(K35>J35,"Not Meet Target","Meet Target"),"-") -> Not Meet Target | N35: =IFERROR(VLOOKUP(D35,'Team Member List'!B:C,2,0),"") -> TL Cabrera | O35: View ticket
A36: First Review | C36: Dimitri Volkov | D36: Dimitri Volkov | E36: Bid Ads | F36: Bid Ad Group | G36: Bid Ad Group | H36: PH | I36: =TRIM(A36) & TRIM(F36) & TRIM(H36) -> First ReviewBid Ad GroupPH | J36: =IFERROR(VLOOKUP(I36,'WFM Q4 Target'!J:K,2,0),"-") -> 81.798 | K36: 209.2186 | L36: 41.3405 | M36: =IFERROR(IF(K36>J36,"Not Meet Target","Meet Target"),"-") -> Not Meet Target | N36: =IFERROR(VLOOKUP(D36,'Team Member List'!B:C,2,0),"") -> TL Okafor | O36: View ticket
A37: First Review | C37: Kenji Watanabe | D37: Kenji Watanabe | E37: Bid Ads | F37: Bid Ad Group | G37: Bid Ad Group | H37: AU | I37: =TRIM(A37) & TRIM(F37) & TRIM(H37) -> First ReviewBid Ad GroupAU | J37: =IFERROR(VLOOKUP(I37,'WFM Q4 Target'!J:K,2,0),"-") -> 88.71 | K37: 357.7315 | L37: 105.1676 | M37: =IFERROR(IF(K37>J37,"Not Meet Target","Meet Target"),"-") -> Not Meet Target | N37: =IFERROR(VLOOKUP(D37,'Team Member List'!B:C,2,0),"") -> TL Lindgren | O37: View ticket
A38: First Review | D38: Kenji Watanabe | E38: Feature Ads | F38: Highlight View | G38: Highlight View | H38: FI | I38: =TRIM(A38) & TRIM(F38) & TRIM(H38) -> First ReviewHighlight ViewFI | J38: =IFERROR(VLOOKUP(I38,'WFM Q4 Target'!J:K,2,0),"-") -> 612.93 | K38: 520.0848 | L38: 0 | M38: =IFERROR(IF(K38>J38,"Not Meet Target","Meet Target"),"-") -> Meet Target | N38: =IFERROR(VLOOKUP(D38,'Team Member List'!B:C,2,0),"") -> TL Lindgren | O38: View ticket
A39: First Review | C39: Ravi Kapoor | D39: Ravi Kapoor | E39: Bid Ads | F39: Bid Video | G39: Bid Video | H39: ID | I39: =TRIM(A39) & TRIM(F39) & TRIM(H39) -> First ReviewBid VideoID | J39: =IFERROR(VLOOKUP(I39,'WFM Q4 Target'!J:K,2,0),"-") -> 71.064 | K39: 108.1112 | L39: 222.7765 | M39: =IFERROR(IF(K39>J39,"Not Meet Target","Meet Target"),"-") -> Not Meet Target | N39: =IFERROR(VLOOKUP(D39,'Team Member List'!B:C,2,0),"") -> TL Ramirez | O39: View ticket
A40: First Review | C40: Yuki Tanaka | D40: Yuki Tanaka | E40: Feature Ads | F40: EST | G40: EST | H40: AU | I40: =TRIM(A40) & TRIM(F40) & TRIM(H40) -> First ReviewESTAU | J40: =IFERROR(VLOOKUP(I40,'WFM Q4 Target'!J:K,2,0),"-") -> - | K40: 230.4704 | L40: 0 | M40: =IFERROR(IF(K40>J40,"Not Meet Target","Meet Target"),"-") -> Meet Target | N40: =IFERROR(VLOOKUP(D40,'Team Member List'!B:C,2,0),"") -> TL Lindgren | O40: View ticket
A41: First Review | C41: Chloe Martin | D41: Chloe Martin | E41: Creator Gen | F41: Creator Gen Video EP Requirement | G41: Creator Gen Video EP Requirement | H41: TH | I41: =TRIM(A41) & TRIM(F41) & TRIM(H41) -> First ReviewCreator Gen Video EP RequirementTH | J41: =IFERROR(VLOOKUP(I41,'WFM Q4 Target'!J:K,2,0),"-") -> 90.978 | K41: 464.9415 | L41: 338.5371 | M41: =IFERROR(IF(K41>J41,"Not Meet Target","Meet Target"),"-") -> Not Meet Target | N41: =IFERROR(VLOOKUP(D41,'Team Member List'!B:C,2,0),"") -> TL Okafor | O41: View ticket
A42: First Review | C42: Leo Marchetti | D42: Leo Marchetti | E42: Feature Ads | F42: Booking Ads Pre Approval | G42: Booking Ads Pre Approval | H42: AU | I42: =TRIM(A42) & TRIM(F42) & TRIM(H42) -> First ReviewBooking Ads Pre ApprovalAU | J42: =IFERROR(VLOOKUP(I42,'WFM Q4 Target'!J:K,2,0),"-") -> 174.66 | K42: 146.3132 | L42: 11.4378 | M42: =IFERROR(IF(K42>J42,"Not Meet Target","Meet Target"),"-") -> Meet Target | N42: =IFERROR(VLOOKUP(D42,'Team Member List'!B:C,2,0),"") -> TL Lindgren | O42: View ticket
A43: First Review | D43: Leo Marchetti | F43: Highlight View | G43: Highlight View | H43: AU | I43: =TRIM(A43) & TRIM(F43) & TRIM(H43) -> First ReviewHighlight ViewAU | J43: =IFERROR(VLOOKUP(I43,'WFM Q4 Target'!J:K,2,0),"-") -> 172.554 | K43: 281.6032 | L43: 0 | M43: =IFERROR(IF(K43>J43,"Not Meet Target","Meet Target"),"-") -> Not Meet Target | N43: =IFERROR(VLOOKUP(D43,'Team Member List'!B:C,2,0),"") -> TL Lindgren | O43: View ticket
A44: First Review | C44: Isabelle Laurent | D44: Isabelle Laurent | E44: Bid Ads | F44: Bid Ad Group | G44: Bid Ad Group | H44: ID | I44: =TRIM(A44) & TRIM(F44) & TRIM(H44) -> First ReviewBid Ad GroupID | J44: =IFERROR(VLOOKUP(I44,'WFM Q4 Target'!J:K,2,0),"-") -> 118.062 | K44: 336.9604 | L44: 487.688 | M44: =IFERROR(IF(K44>J44,"Not Meet Target","Meet Target"),"-") -> Not Meet Target | N44: =IFERROR(VLOOKUP(D44,'Team Member List'!B:C,2,0),"") -> TL Ramirez | O44: View ticket
A45: First Review | D45: Isabelle Laurent | G45: Bid Ad Group | H45: IQ | I45: =TRIM(A45) & TRIM(F45) & TRIM(H45) -> First ReviewIQ | J45: =IFERROR(VLOOKUP(I45,'WFM Q4 Target'!J:K,2,0),"-") -> - | K45: 127.0777 | L45: 36.0137 | M45: =IFERROR(IF(K45>J45,"Not Meet Target","Meet Target"),"-") -> Meet Target | N45: =IFERROR(VLOOKUP(D45,'Team Member List'!B:C,2,0),"") -> TL Ramirez | O45: View ticket
A46: First Review | D46: Isabelle Laurent | F46: Bid Ecom Ads Group | G46: Bid Ecom Ads Group | H46: ID | I46: =TRIM(A46) & TRIM(F46) & TRIM(H46) -> First ReviewBid Ecom Ads GroupID | J46: =IFERROR(VLOOKUP(I46,'WFM Q4 Target'!J:K,2,0),"-") -> 155.28 | K46: 236.5433 | L46: 13.708 | M46: =IFERROR(IF(K46>J46,"Not Meet Target","Meet Target"),"-") -> Not Meet Target | N46: =IFERROR(VLOOKUP(D46,'Team Member List'!B:C,2,0),"") -> TL Ramirez | O46: View ticket
A47: First Review | D47: Isabelle Laurent | E47: Feature Ads | F47: Booking Ads Pre Approval | G47: Booking Ads Pre Approval | H47: SA | I47: =TRIM(A47) & TRIM(F47) & TRIM(H47) -> First ReviewBooking Ads Pre ApprovalSA | J47: =IFERROR(VLOOKUP(I47,'WFM Q4 Target'!J:K,2,0),"-") -> 654.864 | K47: 222.6699 | L47: 0 | M47: =IFERROR(IF(K47>J47,"Not Meet Target","Meet Target"),"-") -> Meet Target | N47: =IFERROR(VLOOKUP(D47,'Team Member List'!B:C,2,0),"") -> TL Ramirez | O47: View ticket
A48: First Review | D48: Isabelle Laurent | E48: Quest | F48: HTC Adv Campaign | G48: HTC Adv Campaign | H48: ID | I48: =TRIM(A48) & TRIM(F48) & TRIM(H48) -> First ReviewHTC Adv CampaignID | J48: =IFERROR(VLOOKUP(I48,'WFM Q4 Target'!J:K,2,0),"-") -> 48.804 | K48: 130.2816 | L48: 0 | M48: =IFERROR(IF(K48>J48,"Not Meet Target","Meet Target"),"-") -> Not Meet Target | N48: =IFERROR(VLOOKUP(D48,'Team Member List'!B:C,2,0),"") -> TL Ramirez | O48: View ticket
A49: First Review | D49: Isabelle Laurent | F49: HTC Adv Video | G49: HTC Adv Video | H49: ID | I49: =TRIM(A49) & TRIM(F49) & TRIM(H49) -> First ReviewHTC Adv VideoID | J49: =IFERROR(VLOOKUP(I49,'WFM Q4 Target'!J:K,2,0),"-") -> - | K49: 374.0317 | L49: 24.3769 | M49: =IFERROR(IF(K49>J49,"Not Meet Target","Meet Target"),"-") -> Meet Target | N49: =IFERROR(VLOOKUP(D49,'Team Member List'!B:C,2,0),"") -> TL Ramirez | O49: View ticket
A50: First Review | D50: Isabelle Laurent | F50: Quest Adv Campaign | G50: Quest Adv Campaign | H50: ID | I50: =TRIM(A50) & TRIM(F50) & TRIM(H50) -> First ReviewQuest Adv CampaignID | J50: =IFERROR(VLOOKUP(I50,'WFM Q4 Target'!J:K,2,0),"-") -> 40.356 | K50: 142.0517 | L50: 0 | M50: =IFERROR(IF(K50>J50,"Not Meet Target","Meet Target"),"-") -> Not Meet Target | N50: =IFERROR(VLOOKUP(D50,'Team Member List'!B:C,2,0),"") -> TL Ramirez | O50: View ticket
A51: First Review | D51: Isabelle Laurent | F51: Quest Adv Video | G51: Quest Adv Video | H51: ID | I51: =TRIM(A51) & TRIM(F51) & TRIM(H51) -> First ReviewQuest Adv VideoID | J51: =IFERROR(VLOOKUP(I51,'WFM Q4 Target'!J:K,2,0),"-") -> 49.086 | K51: 319.2784 | L51: 13.4566 | M51: =IFERROR(IF(K51>J51,"Not Meet Target","Meet Target"),"-") -> Not Meet Target | N51: =IFERROR(VLOOKUP(D51,'Team Member List'!B:C,2,0),"") -> TL Ramirez | O51: View ticket
A52: First Review | C52: Nikolai Petrov | D52: Nikolai Petrov | E52: Feature Ads | F52: Highlight View | G52: Highlight View | H52: SG | I52: =TRIM(A52) & TRIM(F52) & TRIM(H52) -> First ReviewHighlight ViewSG | J52: =IFERROR(VLOOKUP(I52,'WFM Q4 Target'!J:K,2,0),"-") -> 225.912 | K52: 208.0949 | L52: 0 | M52: =IFERROR(IF(K52>J52,"Not Meet Target","Meet Target"),"-") -> Meet Target | N52: =IFERROR(VLOOKUP(D52,'Team Member List'!B:C,2,0),"") -> TL Cabrera | O52: View ticket
A53: First Review | C53: Elena Petrova | D53: Elena Petrova | E53: Bid Ads | F53: Bid Ad Group | G53: Bid Ad Group | H53: ID | I53: =TRIM(A53) & TRIM(F53) & TRIM(H53) -> First ReviewBid Ad GroupID | J53: =IFERROR(VLOOKUP(I53,'WFM Q4 Target'!J:K,2,0),"-") -> 118.062 | K53: 211.7362 | L53: 722.8022 | M53: =IFERROR(IF(K53>J53,"Not Meet Target","Meet Target"),"-") -> Not Meet Target | N53: =IFERROR(VLOOKUP(D53,'Team Member List'!B:C,2,0),"") -> TL Ramirez | O53: View ticket
A54: First Review | D54: Elena Petrova | E54: Feature Ads | F54: Booking Ads Pre Approval | G54: Booking Ads Pre Approval | H54: MY | I54: =TRIM(A54) & TRIM(F54) & TRIM(H54) -> First ReviewBooking Ads Pre ApprovalMY | J54: =IFERROR(VLOOKUP(I54,'WFM Q4 Target'!J:K,2,0),"-") -> 91.824 | K54: 295.846 | L54: 43.6904 | M54: =IFERROR(IF(K54>J54,"Not Meet Target","Meet Target"),"-") -> Not Meet Target | N54: =IFERROR(VLOOKUP(D54,'Team Member List'!B:C,2,0),"") -> TL Ramirez | O54: View ticket
A55: First Review | D55: Elena Petrova | E55: Quest | F55: HTC Adv Video | G55: HTC Adv Video | H55: ID | I55: =TRIM(A55) & TRIM(F55) & TRIM(H55) -> First ReviewHTC Adv VideoID | J55: =IFERROR(VLOOKUP(I55,'WFM Q4 Target'!J:K,2,0),"-") -> - | K55: 248.948 | L55: 12.0727 | M55: =IFERROR(IF(K55>J55,"Not Meet Target","Meet Target"),"-") -> Meet Target | N55: =IFERROR(VLOOKUP(D55,'Team Member List'!B:C,2,0),"") -> TL Ramirez | O55: View ticket
A56: First Review | D56: Elena Petrova | F56: Quest Adv Campaign | G56: Quest Adv Campaign | H56: ID | I56: =TRIM(A56) & TRIM(F56) & TRIM(H56) -> First ReviewQuest Adv CampaignID | J56: =IFERROR(VLOOKUP(I56,'WFM Q4 Target'!J:K,2,0),"-") -> 40.356 | K56: 480.6935 | L56: 0 | M56: =IFERROR(IF(K56>J56,"Not Meet Target","Meet Target"),"-") -> Not Meet Target | N56: =IFERROR(VLOOKUP(D56,'Team Member List'!B:C,2,0),"") -> TL Ramirez | O56: View ticket
A57: First Review | C57: Sanne Bakker | D57: Sanne Bakker | E57: Bid Ads | F57: Bid Ad Group | G57: Bid Ad Group | H57: JP | I57: =TRIM(A57) & TRIM(F57) & TRIM(H57) -> First ReviewBid Ad GroupJP | J57: =IFERROR(VLOOKUP(I57,'WFM Q4 Target'!J:K,2,0),"-") -> 140.514 | K57: 3396.9464 | L57: 659.2592 | M57: =IFERROR(IF(K57>J57,"Not Meet Target","Meet Target"),"-") -> Not Meet Target | N57: =IFERROR(VLOOKUP(D57,'Team Member List'!B:C,2,0),"") -> TL Okafor | O57: View ticket
A58: First Review | D58: Sanne Bakker | E58: Feature Ads | F58: Highlight View | G58: Highlight View | H58: JP | I58: =TRIM(A58) & TRIM(F58) & TRIM(H58) -> First ReviewHighlight ViewJP | J58: =IFERROR(VLOOKUP(I58,'WFM Q4 Target'!J:K,2,0),"-") -> 759.402 | K58: 113.7721 | L58: 0 | M58: =IFERROR(IF(K58>J58,"Not Meet Target","Meet Target"),"-") -> Meet Target | N58: =IFERROR(VLOOKUP(D58,'Team Member List'!B:C,2,0),"") -> TL Okafor | O58: View ticket
A59: First Review | C59: Lucas Ferreira | D59: Lucas Ferreira | E59: Bid Ads | F59: Bid Ad Group | G59: Bid Ad Group | H59: VN | I59: =TRIM(A59) & TRIM(F59) & TRIM(H59) -> First ReviewBid Ad GroupVN | J59: =IFERROR(VLOOKUP(I59,'WFM Q4 Target'!J:K,2,0),"-") -> 220.83 | K59: 1201.6379 | L59: 16.2335 | M59: =IFERROR(IF(K59>J59,"Not Meet Target","Meet Target"),"-") -> Not Meet Target | N59: =IFERROR(VLOOKUP(D59,'Team Member List'!B:C,2,0),"") -> TL Lindgren | O59: View ticket
A60: First Review | D60: Lucas Ferreira | F60: Bid Video | G60: Bid Video | H60: MX | I60: =TRIM(A60) & TRIM(F60) & TRIM(H60) -> First ReviewBid VideoMX | J60: =IFERROR(VLOOKUP(I60,'WFM Q4 Target'!J:K,2,0),"-") -> 71.616 | K60: 267.3842 | L60: 18.2128 | M60: =IFERROR(IF(K60>J60,"Not Meet Target","Meet Target"),"-") -> Not Meet Target | N60: =IFERROR(VLOOKUP(D60,'Team Member List'!B:C,2,0),"") -> TL Lindgren | O60: View ticket
A61: First Review | D61: Lucas Ferreira | E61: Quest | F61: Quest Adv Campaign | G61: Quest Adv Campaign | H61: ID | I61: =TRIM(A61) & TRIM(F61) & TRIM(H61) -> First ReviewQuest Adv CampaignID | J61: =IFERROR(VLOOKUP(I61,'WFM Q4 Target'!J:K,2,0),"-") -> 40.356 | K61: 400.1356 | L61: 0 | M61: =IFERROR(IF(K61>J61,"Not Meet Target","Meet Target"),"-") -> Not Meet Target | N61: =IFERROR(VLOOKUP(D61,'Team Member List'!B:C,2,0),"") -> TL Lindgren | O61: View ticket
A62: First Review | C62: Beatriz Souza | D62: Beatriz Souza | E62: Feature Ads | F62: Booking Ads Pre Approval | G62: Booking Ads Pre Approval | H62: JP | I62: =TRIM(A62) & TRIM(F62) & TRIM(H62) -> First ReviewBooking Ads Pre ApprovalJP | J62: =IFERROR(VLOOKUP(I62,'WFM Q4 Target'!J:K,2,0),"-") -> 788.154 | K62: 125.265 | L62: 24.8152 | M62: =IFERROR(IF(K62>J62,"Not Meet Target","Meet Target"),"-") -> Meet Target | N62: =IFERROR(VLOOKUP(D62,'Team Member List'!B:C,2,0),"") -> TL Okafor | O62: View ticket
A63: First Review | D63: Beatriz Souza | F63: Highlight View | G63: Highlight View | H63: JP | I63: =TRIM(A63) & TRIM(F63) & TRIM(H63) -> First ReviewHighlight ViewJP | J63: =IFERROR(VLOOKUP(I63,'WFM Q4 Target'!J:K,2,0),"-") -> 759.402 | K63: 246.7594 | L63: 0 | M63: =IFERROR(IF(K63>J63,"Not Meet Target","Meet Target"),"-") -> Meet Target | N63: =IFERROR(VLOOKUP(D63,'Team Member List'!B:C,2,0),"") -> TL Okafor | O63: View ticket
A64: First Review | C64: Diego Alvarez | D64: Diego Alvarez | E64: Feature Ads | F64: Booking Ads Pre Approval | G64: Booking Ads Pre Approval | H64: VN | I64: =TRIM(A64) & TRIM(F64) & TRIM(H64) -> First ReviewBooking Ads Pre ApprovalVN | J64: =IFERROR(VLOOKUP(I64,'WFM Q4 Target'!J:K,2,0),"-") -> 213.222 | K64: 1447.6251 | L64: 31.5064 | M64: =IFERROR(IF(K64>J64,"Not Meet Target","Meet Target"),"-") -> Not Meet Target | N64: =IFERROR(VLOOKUP(D64,'Team Member List'!B:C,2,0),"") -> TL Lindgren | O64: View ticket
A65: First Review | D65: Diego Alvarez | F65: Highlight View | G65: Highlight View | H65: PL | I65: =TRIM(A65) & TRIM(F65) & TRIM(H65) -> First ReviewHighlight ViewPL | J65: =IFERROR(VLOOKUP(I65,'WFM Q4 Target'!J:K,2,0),"-") -> 598.278 | K65: 520.1015 | L65: 0 | M65: =IFERROR(IF(K65>J65,"Not Meet Target","Meet Target"),"-") -> Meet Target | N65: =IFERROR(VLOOKUP(D65,'Team Member List'!B:C,2,0),"") -> TL Lindgren | O65: View ticket
A66: First Review | D66: Diego Alvarez | G66: Highlight View | H66: VN | I66: =TRIM(A66) & TRIM(F66) & TRIM(H66) -> First ReviewVN | J66: =IFERROR(VLOOKUP(I66,'WFM Q4 Target'!J:K,2,0),"-") -> - | K66: 409.7367 | L66: 0 | M66: =IFERROR(IF(K66>J66,"Not Meet Target","Meet Target"),"-") -> Meet Target | N66: =IFERROR(VLOOKUP(D66,'Team Member List'!B:C,2,0),"") -> TL Lindgren | O66: View ticket
A67: First Review | D67: Diego Alvarez | E67: Quest | F67: Quest Adv Campaign | G67: Quest Adv Campaign | H67: VN | I67: =TRIM(A67) & TRIM(F67) & TRIM(H67) -> First ReviewQuest Adv CampaignVN | J67: =IFERROR(VLOOKUP(I67,'WFM Q4 Target'!J:K,2,0),"-") -> 744.528 | K67: 371.8392 | L67: 0 | M67: =IFERROR(IF(K67>J67,"Not Meet Target","Meet Target"),"-") -> Meet Target | N67: =IFERROR(VLOOKUP(D67,'Team Member List'!B:C,2,0),"") -> TL Lindgren | O67: View ticket
A68: First Review | C68: Amira Haddad | D68: Amira Haddad | E68: Feature Ads | F68: Highlight View | G68: Highlight View | H68: QA | I68: =TRIM(A68) & TRIM(F68) & TRIM(H68) -> First ReviewHighlight ViewQA | J68: =IFERROR(VLOOKUP(I68,'WFM Q4 Target'!J:K,2,0),"-") -> 538.788 | K68: 600.9134 | L68: 0 | M68: =IFERROR(IF(K68>J68,"Not Meet Target","Meet Target"),"-") -> Not Meet Target | N68: =IFERROR(VLOOKUP(D68,'Team Member List'!B:C,2,0),"") -> TL Lindgren | O68: View ticket
A69: First Review | C69: Talia Rosen | D69: Talia Rosen | E69: Feature Ads | F69: Booking Ads Pre Approval | G69: Booking Ads Pre Approval | H69: ID | I69: =TRIM(A69) & TRIM(F69) & TRIM(H69) -> First ReviewBooking Ads Pre ApprovalID | J69: =IFERROR(VLOOKUP(I69,'WFM Q4 Target'!J:K,2,0),"-") -> 271.992 | K69: 172.6278 | L69: 17.8862 | M69: =IFERROR(IF(K69>J69,"Not Meet Target","Meet Target"),"-") -> Meet Target | N69: =IFERROR(VLOOKUP(D69,'Team Member List'!B:C,2,0),"") -> TL Ramirez | O69: View ticket
A70: First Review | D70: Talia Rosen | F70: Highlight View | G70: Highlight View | H70: MX | I70: =TRIM(A70) & TRIM(F70) & TRIM(H70) -> First ReviewHighlight ViewMX | J70: =IFERROR(VLOOKUP(I70,'WFM Q4 Target'!J:K,2,0),"-") -> 573.366 | K70: 493.8841 | L70: 0 | M70: =IFERROR(IF(K70>J70,"Not Meet Target","Meet Target"),"-") -> Meet Target | N70: =IFERROR(VLOOKUP(D70,'Team Member List'!B:C,2,0),"") -> TL Ramirez | O70: View ticket
A71: First Review | D71: Talia Rosen | G71: Highlight View | H71: TR | I71: =TRIM(A71) & TRIM(F71) & TRIM(H71) -> First ReviewTR | J71: =IFERROR(VLOOKUP(I71,'WFM Q4 Target'!J:K,2,0),"-") -> - | K71: 474.0815 | L71: 0 | M71: =IFERROR(IF(K71>J71,"Not Meet Target","Meet Target"),"-") -> Meet Target | N71: =IFERROR(VLOOKUP(D71,'Team Member List'!B:C,2,0),"") -> TL Ramirez | O71: View ticket
A72: First Review | D72: Talia Rosen | E72: Quest | F72: Quest Adv Video | G72: Quest Adv Video | H72: ID | I72: =TRIM(A72) & TRIM(F72) & TRIM(H72) -> First ReviewQuest Adv VideoID | J72: =IFERROR(VLOOKUP(I72,'WFM Q4 Target'!J:K,2,0),"-") -> 49.086 | K72: 270.2492 | L72: 47.8519 | M72: =IFERROR(IF(K72>J72,"Not Meet Target","Meet Target"),"-") -> Not Meet Target | N72: =IFERROR(VLOOKUP(D72,'Team Member List'!B:C,2,0),"") -> TL Ramirez | O72: View ticket
A73: First Review | C73: Grace Osei | D73: Grace Osei | E73: Feature Ads | F73: Highlight View | G73: Highlight View | H73: ID | I73: =TRIM(A73) & TRIM(F73) & TRIM(H73) -> First ReviewHighlight ViewID | J73: =IFERROR(VLOOKUP(I73,'WFM Q4 Target'!J:K,2,0),"-") -> 590.502 | K73: 446.8342 | L73: 112.7414 | M73: =IFERROR(IF(K73>J73,"Not Meet Target","Meet Target"),"-") -> Meet Target | N73: =IFERROR(VLOOKUP(D73,'Team Member List'!B:C,2,0),"") -> TL Ramirez | O73: View ticket
A74: First Review | D74: Grace Osei | E74: Quest | F74: HTC Adv Video | G74: HTC Adv Video | H74: ID | I74: =TRIM(A74) & TRIM(F74) & TRIM(H74) -> First ReviewHTC Adv VideoID | J74: =IFERROR(VLOOKUP(I74,'WFM Q4 Target'!J:K,2,0),"-") -> - | K74: 855.8714 | L74: 3.9018 | M74: =IFERROR(IF(K74>J74,"Not Meet Target","Meet Target"),"-") -> Meet Target | N74: =IFERROR(VLOOKUP(D74,'Team Member List'!B:C,2,0),"") -> TL Ramirez | O74: View ticket
A75: First Review | D75: Grace Osei | F75: Quest Adv Video | G75: Quest Adv Video | H75: ID | I75: =TRIM(A75) & TRIM(F75) & TRIM(H75) -> First ReviewQuest Adv VideoID | J75: =IFERROR(VLOOKUP(I75,'WFM Q4 Target'!J:K,2,0),"-") -> 49.086 | K75: 227.8735 | L75: 13.9903 | M75: =IFERROR(IF(K75>J75,"Not Meet Target","Meet Target"),"-") -> Not Meet Target | N75: =IFERROR(VLOOKUP(D75,'Team Member List'!B:C,2,0),"") -> TL Ramirez | O75: View ticket
A76: Posted Recall | C76: Sanne Bakker | D76: Sanne Bakker | E76: Bid Ads | F76: Bid Ad Group | G76: Bid Ad Group | H76: JP | I76: =TRIM(A76) & TRIM(F76) & TRIM(H76) -> Posted RecallBid Ad GroupJP | J76: =IFERROR(VLOOKUP(I76,'WFM Q4 Target'!J:K,2,0),"-") -> 100.644 | K76: 141.3199 | L76: 103.5763 | M76: =IFERROR(IF(K76>J76,"Not Meet Target","Meet Target"),"-") -> Not Meet Target | N76: =IFERROR(VLOOKUP(D76,'Team Member List'!B:C,2,0),"") -> TL Okafor | O76: View ticket
A77: Posted Recall | D77: Sanne Bakker | F77: Bid Ecom Ads Group | G77: Bid Ecom Ads Group | H77: JP | I77: =TRIM(A77) & TRIM(F77) & TRIM(H77) -> Posted RecallBid Ecom Ads GroupJP | J77: =IFERROR(VLOOKUP(I77,'WFM Q4 Target'!J:K,2,0),"-") -> 125.826 | K77: 169.427 | L77: 77.2672 | M77: =IFERROR(IF(K77>J77,"Not Meet Target","Meet Target"),"-") -> Not Meet Target | N77: =IFERROR(VLOOKUP(D77,'Team Member List'!B:C,2,0),"") -> TL Okafor | O77: View ticket
A78: Posted Recall | C78: Naledi Dlamini | D78: Naledi Dlamini | E78: Trial Install | F78: Trial Install Android App | G78: Trial Install Android App | H78: ID | I78: =TRIM(A78) & TRIM(F78) & TRIM(H78) -> Posted RecallTrial Install Android AppID | J78: =IFERROR(VLOOKUP(I78,'WFM Q4 Target'!J:K,2,0),"-") -> 532.764 | K78: 564.8475 | L78: 262.7349 | M78: =IFERROR(IF(K78>J78,"Not Meet Target","Meet Target"),"-") -> Not Meet Target | N78: =IFERROR(VLOOKUP(D78,'Team Member List'!B:C,2,0),"") -> TL Cabrera | O78: View ticket
A79: Posted Recall | D79: Naledi Dlamini | G79: Trial Install Android App | H79: VN | I79: =TRIM(A79) & TRIM(F79) & TRIM(H79) -> Posted RecallVN | J79: =IFERROR(VLOOKUP(I79,'WFM Q4 Target'!J:K,2,0),"-") -> - | K79: 1062.3476 | L79: 271.9161 | M79: =IFERROR(IF(K79>J79,"Not Meet Target","Meet Target"),"-") -> Meet Target | N79: =IFERROR(VLOOKUP(D79,'Team Member List'!B:C,2,0),"") -> TL Cabrera | O79: View ticket
A80: Posted Recall | C80: Bram de Vries | D80: Bram de Vries | E80: Bid Ads | F80: Bid Ad Group | G80: Bid Ad Group | H80: MY | I80: =TRIM(A80) & TRIM(F80) & TRIM(H80) -> Posted RecallBid Ad GroupMY | J80: =IFERROR(VLOOKUP(I80,'WFM Q4 Target'!J:K,2,0),"-") -> 125.562 | K80: 159.7323 | L80: 242.8052 | M80: =IFERROR(IF(K80>J80,"Not Meet Target","Meet Target"),"-") -> Not Meet Target | N80: =IFERROR(VLOOKUP(D80,'Team Member List'!B:C,2,0),"") -> TL Ramirez | O80: View ticket
A81: Posted Recall | D81: Bram de Vries | F81: Bid Ecom Ads Group | G81: Bid Ecom Ads Group | H81: SG | I81: =TRIM(A81) & TRIM(F81) & TRIM(H81) -> Posted RecallBid Ecom Ads GroupSG | J81: =IFERROR(VLOOKUP(I81,'WFM Q4 Target'!J:K,2,0),"-") -> 132.708 | K81: 178.9802 | L81: 228.1061 | M81: =IFERROR(IF(K81>J81,"Not Meet Target","Meet Target"),"-") -> Not Meet Target | N81: =IFERROR(VLOOKUP(D81,'Team Member List'!B:C,2,0),"") -> TL Ramirez | O81: View ticket
A82: Posted Recall | C82: Beatriz Souza | D82: Beatriz Souza | E82: Bid Ads | F82: Bid Ad Group | G82: Bid Ad Group | H82: JP | I82: =TRIM(A82) & TRIM(F82) & TRIM(H82) -> Posted RecallBid Ad GroupJP | J82: =IFERROR(VLOOKUP(I82,'WFM Q4 Target'!J:K,2,0),"-") -> 100.644 | K82: 351.804 | L82: 345.6433 | M82: =IFERROR(IF(K82>J82,"Not Meet Target","Meet Target"),"-") -> Not Meet Target | N82: =IFERROR(VLOOKUP(D82,'Team Member List'!B:C,2,0),"") -> TL Okafor | O82: View ticket
A83: Posted Recall | C83: Omar Fathi | D83: Omar Fathi | E83: Bid Ads | F83: Bid Ad Group | G83: Bid Ad Group | H83: JP | I83: =TRIM(A83) & TRIM(F83) & TRIM(H83) -> Posted RecallBid Ad GroupJP | J83: =IFERROR(VLOOKUP(I83,'WFM Q4 Target'!J:K,2,0),"-") -> 100.644 | K83: 154.9175 | L83: 16.6415 | M83: =IFERROR(IF(K83>J83,"Not Meet Target","Meet Target"),"-") -> Not Meet Target | N83: =IFERROR(VLOOKUP(D83,'Team Member List'!B:C,2,0),"") -> TL Okafor | O83: View ticket
A84: Posted Recall | D84: Omar Fathi | F84: Bid Ecom Ads Group | G84: Bid Ecom Ads Group | H84: JP | I84: =TRIM(A84) & TRIM(F84) & TRIM(H84) -> Posted RecallBid Ecom Ads GroupJP | J84: =IFERROR(VLOOKUP(I84,'WFM Q4 Target'!J:K,2,0),"-") -> 125.826 | K84: 218.6497 | L84: 67.5797 | M84: =IFERROR(IF(K84>J84,"Not Meet Target","Meet Target"),"-") -> Not Meet Target | N84: =IFERROR(VLOOKUP(D84,'Team Member List'!B:C,2,0),"") -> TL Okafor | O84: View ticket
A85: Posted Recall | C85: Dimitri Volkov | D85: Dimitri Volkov | E85: Bid Ads | F85: Bid Ad Group | G85: Bid Ad Group | H85: PH | I85: =TRIM(A85) & TRIM(F85) & TRIM(H85) -> Posted RecallBid Ad GroupPH | J85: =IFERROR(VLOOKUP(I85,'WFM Q4 Target'!J:K,2,0),"-") -> 84.18 | K85: 144.0568 | L85: 5.2341 | M85: =IFERROR(IF(K85>J85,"Not Meet Target","Meet Target"),"-") -> Not Meet Target | N85: =IFERROR(VLOOKUP(D85,'Team Member List'!B:C,2,0),"") -> TL Okafor | O85: View ticket
A86: Posted Recall | C86: Andres Molina | D86: Andres Molina | E86: Trial Install | F86: Trial Install Android App | G86: Trial Install Android App | H86: ID | I86: =TRIM(A86) & TRIM(F86) & TRIM(H86) -> Posted RecallTrial Install Android AppID | J86: =IFERROR(VLOOKUP(I86,'WFM Q4 Target'!J:K,2,0),"-") -> 532.764 | K86: 155.1756 | L86: 160.6836 | M86: =IFERROR(IF(K86>J86,"Not Meet Target","Meet Target"),"-") -> Meet Target | N86: =IFERROR(VLOOKUP(D86,'Team Member List'!B:C,2,0),"") -> TL Cabrera | O86: View ticket
A87: Posted Recall | D87: Andres Molina | G87: Trial Install Android App | H87: VN | I87: =TRIM(A87) & TRIM(F87) & TRIM(H87) -> Posted RecallVN | J87: =IFERROR(VLOOKUP(I87,'WFM Q4 Target'!J:K,2,0),"-") -> - | K87: 701.0594 | L87: 615.239 | M87: =IFERROR(IF(K87>J87,"Not Meet Target","Meet Target"),"-") -> Meet Target | N87: =IFERROR(VLOOKUP(D87,'Team Member List'!B:C,2,0),"") -> TL Cabrera | O87: View ticket
A88: Posted Recall | D88: Andres Molina | F88: Trial Install IOS App | G88: Trial Install IOS App | H88: VN | I88: =TRIM(A88) & TRIM(F88) & TRIM(H88) -> Posted RecallTrial Install IOS AppVN | J88: =IFERROR(VLOOKUP(I88,'WFM Q4 Target'!J:K,2,0),"-") -> - | K88: 1933.5826 | L88: 175.4394 | M88: =IFERROR(IF(K88>J88,"Not Meet Target","Meet Target"),"-") -> Meet Target | N88: =IFERROR(VLOOKUP(D88,'Team Member List'!B:C,2,0),"") -> TL Cabrera | O88: View ticket
A89: Posted Recall | C89: Nadia Kowalski | D89: Nadia Kowalski | E89: Bid Ads | F89: Bid Ad Group | G89: Bid Ad Group | H89: ID | I89: =TRIM(A89) & TRIM(F89) & TRIM(H89) -> Posted RecallBid Ad GroupID | J89: =IFERROR(VLOOKUP(I89,'WFM Q4 Target'!J:K,2,0),"-") -> 152.274 | K89: 208.2446 | L89: 391.7691 | M89: =IFERROR(IF(K89>J89,"Not Meet Target","Meet Target"),"-") -> Not Meet Target | N89: =IFERROR(VLOOKUP(D89,'Team Member List'!B:C,2,0),"") -> TL Ramirez | O89: View ticket
A90: Posted Recall | C90: Grace Osei | D90: Grace Osei | E90: Bid Ads | F90: Bid Ad Group | G90: Bid Ad Group | H90: ID | I90: =TRIM(A90) & TRIM(F90) & TRIM(H90) -> Posted RecallBid Ad GroupID | J90: =IFERROR(VLOOKUP(I90,'WFM Q4 Target'!J:K,2,0),"-") -> 152.274 | K90: 198.0806 | L90: 374.7281 | M90: =IFERROR(IF(K90>J90,"Not Meet Target","Meet Target"),"-") -> Not Meet Target | N90: =IFERROR(VLOOKUP(D90,'Team Member List'!B:C,2,0),"") -> TL Ramirez | O90: View ticket

Sheet W50
A1: Notes: Summary of specialist AHT for tickets exceeding target (sample data)
A2: Color Scheme: RED text when AHT does not meet the WFM target
A3: Audit Stage | B3: Audit Stage | C3: Name | D3: Name (Refer) | E3: product_level1_name | F3: product_level2_name | G3: product_level2_name | H3: delivery_country | I3: Helper | J3: AHT Target (sec) (WFM) | K3: 2024-W50(12/09~12/15) | M3: Meet Target | N3: TL Name | O3: Reference Link
K4: AHT (sec) | L4: Average Video Duration (sec)
A5: First Review | C5: Isabelle Laurent | D5: Isabelle Laurent | E5: Feature Ads | F5: Highlight View | G5: Highlight View | H5: ID | I5: =TRIM(A5) & TRIM(F5) & TRIM(H5) -> First ReviewHighlight ViewID | J5: =IFERROR(VLOOKUP(I5,'WFM Q4 Target'!J:K,2,0),"-") -> 590.502 | K5: 168.7811 | L5: 0 | M5: =IFERROR(IF(K5>J5,"Not Meet Target","Meet Target"),"-") -> Meet Target | N5: =IFERROR(VLOOKUP(D5,'Team Member List'!B:C,2,0),"") -> TL Ramirez | O5: View ticket
A6: First Review | D6: Isabelle Laurent | E6: Editorial Ads | F6: FX Studio | G6: FX Studio | H6: ID | I6: =TRIM(A6) & TRIM(F6) & TRIM(H6) -> First ReviewFX StudioID | J6: =IFERROR(VLOOKUP(I6,'WFM Q4 Target'!J:K,2,0),"-") -> - | K6: 179.1294 | L6: 11.7094 | M6: =IFERROR(IF(K6>J6,"Not Meet Target","Meet Target"),"-") -> Meet Target | N6: =IFERROR(VLOOKUP(D6,'Team Member List'!B:C,2,0),"") -> TL Ramirez | O6: View ticket
A7: First Review | D7: Isabelle Laurent | E7: Quest | F7: HTC Adv Video | G7: HTC Adv Video | H7: ID | I7: =TRIM(A7) & TRIM(F7) & TRIM(H7) -> First ReviewHTC Adv VideoID | J7: =IFERROR(VLOOKUP(I7,'WFM Q4 Target'!J:K,2,0),"-") -> - | K7: 537.5845 | L7: 101.4063 | M7: =IFERROR(IF(K7>J7,"Not Meet Target","Meet Target"),"-") -> Meet Target | N7: =IFERROR(VLOOKUP(D7,'Team Member List'!B:C,2,0),"") -> TL Ramirez | O7: View ticket
A8: First Review | C8: Bram de Vries | D8: Bram de Vries | E8: Feature Ads | F8: Media Ads | G8: Media Ads | H8: MY | I8: =TRIM(A8) & TRIM(F8) & TRIM(H8) -> First ReviewMedia AdsMY | J8: =IFERROR(VLOOKUP(I8,'WFM Q4 Target'!J:K,2,0),"-") -> - | K8: 139.552 | L8: 0 | M8: =IFERROR(IF(K8>J8,"Not Meet Target","Meet Target"),"-") -> Meet Target | N8: =IFERROR(VLOOKUP(D8,'Team Member List'!B:C,2,0),"") -> TL Ramirez | O8: View ticket
A9: First Review | D9: Bram de Vries | F9: Booking Ads Pre Approval | G9: Booking Ads Pre Approval | H9: SG | I9: =TRIM(A9) & TRIM(F9) & TRIM(H9) -> First ReviewBooking Ads Pre ApprovalSG | J9: =IFERROR(VLOOKUP(I9,'WFM Q4 Target'!J:K,2,0),"-") -> 59.52 | K9: 146.9394 | L9: 21.9393 | M9: =IFERROR(IF(K9>J9,"Not Meet Target","Meet Target"),"-") -> Not Meet Target | N9: =IFERROR(VLOOKUP(D9,'Team Member List'!B:C,2,0),"") -> TL Ramirez | O9: View ticket
A10: First Review | D10: Bram de Vries | E10: Quest | F10: HTC Adv Campaign | G10: HTC Adv Campaign | H10: ID | I10: =TRIM(A10) & TRIM(F10) & TRIM(H10) -> First ReviewHTC Adv CampaignID | J10: =IFERROR(VLOOKUP(I10,'WFM Q4 Target'!J:K,2,0),"-") -> 48.804 | K10: 145.697 | L10: 0 | M10: =IFERROR(IF(K10>J10,"Not Meet Target","Meet Target"),"-") -> Not Meet Target | N10: =IFERROR(VLOOKUP(D10,'Team Member List'!B:C,2,0),"") -> TL Ramirez | O10: View ticket
A11: First Review | C11: Leo Marchetti | D11: Leo Marchetti | E11: Feature Ads | F11: Booking Ads Pre Approval | G11: Booking Ads Pre Approval | H11: AU | I11: =TRIM(A11) & TRIM(F11) & TRIM(H11) -> First ReviewBooking Ads Pre ApprovalAU | J11: =IFERROR(VLOOKUP(I11,'WFM Q4 Target'!J:K,2,0),"-") -> 174.66 | K11: 459.9484 | L11: 50.3055 | M11: =IFERROR(IF(K11>J11,"Not Meet Target","Meet Target"),"-") -> Not Meet Target | N11: =IFERROR(VLOOKUP(D11,'Team Member List'!B:C,2,0),"") -> TL Lindgren | O11: View ticket
A12: First Review | D12: Leo Marchetti | G12: Booking Ads Pre Approval | H12: NZ | I12: =TRIM(A12) & TRIM(F12) & TRIM(H12) -> First ReviewNZ | J12: =IFERROR(VLOOKUP(I12,'WFM Q4 Target'!J:K,2,0),"-") -> - | K12: 397.492 | L12: 26.8987 | M12: =IFERROR(IF(K12>J12,"Not Meet Target","Meet Target"),"-") -> Meet Target | N12: =IFERROR(VLOOKUP(D12,'Team Member List'!B:C,2,0),"") -> TL Lindgren | O12: View ticket
A13: First Review | D13: Leo Marchetti | F13: Highlight View | G13: Highlight View | H13: AU | I13: =TRIM(A13) & TRIM(F13) & TRIM(H13) -> First ReviewHighlight ViewAU | J13: =IFERROR(VLOOKUP(I13,'WFM Q4 Target'!J:K,2,0),"-") -> 172.554 | K13: 142.9165 | L13: 0 | M13: =IFERROR(IF(K13>J13,"Not Meet Target","Meet Target"),"-") -> Meet Target | N13: =IFERROR(VLOOKUP(D13,'Team Member List'!B:C,2,0),"") -> TL Lindgren | O13: View ticket
A14: First Review | D14: Leo Marchetti | G14: Highlight View | H14: PK | I14: =TRIM(A14) & TRIM(F14) & TRIM(H14) -> First ReviewPK | J14: =IFERROR(VLOOKUP(I14,'WFM Q4 Target'!J:K,2,0),"-") -> - | K14: 584.6415 | L14: 0 | M14: =IFERROR(IF(K14>J14,"Not Meet Target","Meet Target"),"-") -> Meet Target | N14: =IFERROR(VLOOKUP(D14,'Team Member List'!B:C,2,0),"") -> TL Lindgren | O14: View ticket
A15: First Review | C15: Theo Andersson | D15: Theo Andersson | E15: Feature Ads | F15: Highlight View | G15: Highlight View | H15: KR | I15: =TRIM(A15) & TRIM(F15) & TRIM(H15) -> First ReviewHighlight ViewKR | J15: =IFERROR(VLOOKUP(I15,'WFM Q4 Target'!J:K,2,0),"-") -> 57.264 | K15: 116.7029 | L15: 0 | M15: =IFERROR(IF(K15>J15,"Not Meet Target","Meet Target"),"-") -> Not Meet Target | N15: =IFERROR(VLOOKUP(D15,'Team Member List'!B:C,2,0),"") -> TL Okafor | O15: View ticket
A16: First Review | C16: Lucas Ferreira | D16: Lucas Ferreira | E16: Feature Ads | F16: Highlight View | G16: Highlight View | H16: AE | I16: =TRIM(A16) & TRIM(F16) & TRIM(H16) -> First ReviewHighlight ViewAE | J16: =IFERROR(VLOOKUP(I16,'WFM Q4 Target'!J:K,2,0),"-") -> 6.33 | K16: 1180.2302 | L16: 0 | M16: =IFERROR(IF(K16>J16,"Not Meet Target","Meet Target"),"-") -> Not Meet Target | N16: =IFERROR(VLOOKUP(D16,'Team Member List'!B:C,2,0),"") -> TL Lindgren | O16: View ticket
A17: First Review | D17: Lucas Ferreira | G17: Highlight View | H17: MX | I17: =TRIM(A17) & TRIM(F17) & TRIM(H17) -> First ReviewMX | J17: =IFERROR(VLOOKUP(I17,'WFM Q4 Target'!J:K,2,0),"-") -> - | K17: 1639.5899 | L17: 0 | M17: =IFERROR(IF(K17>J17,"Not Meet Target","Meet Target"),"-") -> Meet Target | N17: =IFERROR(VLOOKUP(D17,'Team Member List'!B:C,2,0),"") -> TL Lindgren | O17: View ticket
A18: First Review | C18: Layla Hassan | D18: Layla Hassan | E18: Bid Ads | F18: Bid Ad Group | G18: Bid Ad Group | H18: VN | I18: =TRIM(A18) & TRIM(F18) & TRIM(H18) -> First ReviewBid Ad GroupVN | J18: =IFERROR(VLOOKUP(I18,'WFM Q4 Target'!J:K,2,0),"-") -> 220.83 | K18: 336.602 | L18: 336.2922 | M18: =IFERROR(IF(K18>J18,"Not Meet Target","Meet Target"),"-") -> Not Meet Target | N18: =IFERROR(VLOOKUP(D18,'Team Member List'!B:C,2,0),"") -> TL Lindgren | O18: View ticket
A19: First Review | D19: Layla Hassan | E19: Feature Ads | F19: Highlight View | G19: Highlight View | H19: KW | I19: =TRIM(A19) & TRIM(F19) & TRIM(H19) -> First ReviewHighlight ViewKW | J19: =IFERROR(VLOOKUP(I19,'WFM Q4 Target'!J:K,2,0),"-") -> 531.936 | K19: 255.4296 | L19: 0 | M19: =IFERROR(IF(K19>J19,"Not Meet Target","Meet Target"),"-") -> Meet Target | N19: =IFERROR(VLOOKUP(D19,'Team Member List'!B:C,2,0),"") -> TL Lindgren | O19: View ticket
A20: First Review | C20: Anika Sharma | D20: Anika Sharma | E20: Feature Ads | F20: EST | G20: EST | H20: SG | I20: =TRIM(A20) & TRIM(F20) & TRIM(H20) -> First ReviewESTSG | J20: =IFERROR(VLOOKUP(I20,'WFM Q4 Target'!J:K,2,0),"-") -> - | K20: 155.8226 | L20: 0 | M20: =IFERROR(IF(K20>J20,"Not Meet Target","Meet Target"),"-") -> Meet Target | N20: =IFERROR(VLOOKUP(D20,'Team Member List'!B:C,2,0),"") -> TL Ramirez | O20: View ticket
A21: First Review | D21: Anika Sharma | F21: Highlight View | G21: Highlight View | H21: SG | I21: =TRIM(A21) & TRIM(F21) & TRIM(H21) -> First ReviewHighlight ViewSG | J21: =IFERROR(VLOOKUP(I21,'WFM Q4 Target'!J:K,2,0),"-") -> 225.912 | K21: 151.4091 | L21: 0 | M21: =IFERROR(IF(K21>J21,"Not Meet Target","Meet Target"),"-") -> Meet Target | N21: =IFERROR(VLOOKUP(D21,'Team Member List'!B:C,2,0),"") -> TL Ramirez | O21: View ticket
A22: First Review | C22: Felix Brandt | D22: Felix Brandt | E22: Feature Ads | F22: Highlight View | G22: Highlight View | H22: PK | I22: =TRIM(A22) & TRIM(F22) & TRIM(H22) -> First ReviewHighlight ViewPK | J22: =IFERROR(VLOOKUP(I22,'WFM Q4 Target'!J:K,2,0),"-") -> 778.074 | K22: 272.0688 | L22: 0 | M22: =IFERROR(IF(K22>J22,"Not Meet Target","Meet Target"),"-") -> Meet Target | N22: =IFERROR(VLOOKUP(D22,'Team Member List'!B:C,2,0),"") -> TL Okafor | O22: View ticket
A23: First Review | C23: Ivy Tan | D23: Ivy Tan | E23: Feature Ads | F23: Booking Ads Pre Approval | G23: Booking Ads Pre Approval | H23: ID | I23: =TRIM(A23) & TRIM(F23) & TRIM(H23) -> First ReviewBooking Ads Pre ApprovalID | J23: =IFERROR(VLOOKUP(I23,'WFM Q4 Target'!J:K,2,0),"-") -> 271.992 | K23: 194.146 | L23: 8.8229 | M23: =IFERROR(IF(K23>J23,"Not Meet Target","Meet Target"),"-") -> Meet Target | N23: =IFERROR(VLOOKUP(D23,'Team Member List'!B:C,2,0),"") -> TL Ramirez | O23: View ticket
A24: First Review | D24: Ivy Tan | F24: Highlight View | G24: Highlight View | H24: ID | I24: =TRIM(A24) & TRIM(F24) & TRIM(H24) -> First ReviewHighlight ViewID | J24: =IFERROR(VLOOKUP(I24,'WFM Q4 Target'!J:K,2,0),"-") -> 590.502 | K24: 130.2193 | L24: 0 | M24: =IFERROR(IF(K24>J24,"Not Meet Target","Meet Target"),"-") -> Meet Target | N24: =IFERROR(VLOOKUP(D24,'Team Member List'!B:C,2,0),"") -> TL Ramirez | O24: View ticket
A25: First Review | D25: Ivy Tan | G25: Highlight View | H25: IT | I25: =TRIM(A25) & TRIM(F25) & TRIM(H25) -> First ReviewIT | J25: =IFERROR(VLOOKUP(I25,'WFM Q4 Target'!J:K,2,0),"-") -> - | K25: 578.1483 | L25: 0 | M25: =IFERROR(IF(K25>J25,"Not Meet Target","Meet Target"),"-") -> Meet Target | N25: =IFERROR(VLOOKUP(D25,'Team Member List'!B:C,2,0),"") -> TL Ramirez | O25: View ticket
A26: First Review | D26: Ivy Tan | G26: Highlight View | H26: MY | I26: =TRIM(A26) & TRIM(F26) & TRIM(H26) -> First ReviewMY | J26: =IFERROR(VLOOKUP(I26,'WFM Q4 Target'!J:K,2,0),"-") -> - | K26: 531.55 | L26: 0 | M26: =IFERROR(IF(K26>J26,"Not Meet Target","Meet Target"),"-") -> Meet Target | N26: =IFERROR(VLOOKUP(D26,'Team Member List'!B:C,2,0),"") -> TL Ramirez | O26: View ticket
A27: First Review | D27: Ivy Tan | G27: Highlight View | H27: PK | I27: =TRIM(A27) & TRIM(F27) & TRIM(H27) -> First ReviewPK | J27: =IFERROR(VLOOKUP(I27,'WFM Q4 Target'!J:K,2,0),"-") -> - | K27: 377.9578 | L27: 0 | M27: =IFERROR(IF(K27>J27,"Not Meet Target","Meet Target"),"-") -> Meet Target | N27: =IFERROR(VLOOKUP(D27,'Team Member List'!B:C,2,0),"") -> TL Ramirez | O27: View ticket
A28: First Review | D28: Ivy Tan | E28: Quest | F28: BE Adv Campaign | G28: BE Adv Campaign | H28: ID | I28: =TRIM(A28) & TRIM(F28) & TRIM(H28) -> First ReviewBE Adv CampaignID | J28: =IFERROR(VLOOKUP(I28,'WFM Q4 Target'!J:K,2,0),"-") -> - | K28: 499.9482 | L28: 0 | M28: =IFERROR(IF(K28>J28,"Not Meet Target","Meet Target"),"-") -> Meet Target | N28: =IFERROR(VLOOKUP(D28,'Team Member List'!B:C,2,0),"") -> TL Ramirez | O28: View ticket
A29: First Review | C29: Diego Alvarez | D29: Diego Alvarez | E29: Bid Ads | F29: Bid Ad Group | G29: Bid Ad Group | H29: VN | I29: =TRIM(A29) & TRIM(F29) & TRIM(H29) -> First ReviewBid Ad GroupVN | J29: =IFERROR(VLOOKUP(I29,'WFM Q4 Target'!J:K,2,0),"-") -> 220.83 | K29: 1295.5074 | L29: 69.7989 | M29: =IFERROR(IF(K29>J29,"Not Meet Target","Meet Target"),"-") -> Not Meet Target | N29: =IFERROR(VLOOKUP(D29,'Team Member List'!B:C,2,0),"") -> TL Lindgren | O29: View ticket
A30: First Review | D30: Diego Alvarez | E30: Feature Ads | F30: Booking Ads Pre Approval | G30: Booking Ads Pre Approval | H30: VN | I30: =TRIM(A30) & TRIM(F30) & TRIM(H30) -> First ReviewBooking Ads Pre ApprovalVN | J30: =IFERROR(VLOOKUP(I30,'WFM Q4 Target'!J:K,2,0),"-") -> 213.222 | K30: 626.8435 | L30: 35.219 | M30: =IFERROR(IF(K30>J30,"Not Meet Target","Meet Target"),"-") -> Not Meet Target | N30: =IFERROR(VLOOKUP(D30,'Team Member List'!B:C,2,0),"") -> TL Lindgren | O30: View ticket
A31: First Review | D31: Diego Alvarez | F31: Highlight View | G31: Highlight View | H31: VN | I31: =TRIM(A31) & TRIM(F31) & TRIM(H31) -> First ReviewHighlight ViewVN | J31: =IFERROR(VLOOKUP(I31,'WFM Q4 Target'!J:K,2,0),"-") -> 286.158 | K31: 251.038 | L31: 0 | M31: =IFERROR(IF(K31>J31,"Not Meet Target","Meet Target"),"-") -> Meet Target | N31: =IFERROR(VLOOKUP(D31,'Team Member List'!B:C,2,0),"") -> TL Lindgren | O31: View ticket
A32: First Review | C32: Ravi Kapoor | D32: Ravi Kapoor | E32: Feature Ads | F32: Highlight View | G32: Highlight View | H32: ID | I32: =TRIM(A32) & TRIM(F32) & TRIM(H32) -> First ReviewHighlight ViewID | J32: =IFERROR(VLOOKUP(I32,'WFM Q4 Target'!J:K,2,0),"-") -> 590.502 | K32: 182.6082 | L32: 0 | M32: =IFERROR(IF(K32>J32,"Not Meet Target","Meet Target"),"-") -> Meet Target | N32: =IFERROR(VLOOKUP(D32,'Team Member List'!B:C,2,0),"") -> TL Ramirez | O32: View ticket
A33: First Review | C33: Nikolai Petrov | D33: Nikolai Petrov | E33: Feature Ads | F33: Booking Ads Pre Approval | G33: Booking Ads Pre Approval | H33: SG | I33: =TRIM(A33) & TRIM(F33) & TRIM(H33) -> First ReviewBooking Ads Pre ApprovalSG | J33: =IFERROR(VLOOKUP(I33,'WFM Q4 Target'!J:K,2,0),"-") -> 59.52 | K33: 386.1044 | L33: 6.009 | M33: =IFERROR(IF(K33>J33,"Not Meet Target","Meet Target"),"-") -> Not Meet Target | N33: =IFERROR(VLOOKUP(D33,'Team Member List'!B:C,2,0),"") -> TL Cabrera | O33: View ticket
A34: First Review | C34: Zara Iqbal | D34: Zara Iqbal | E34: Quest | F34: Quest Adv Video | G34: Quest Adv Video | H34: PH | I34: =TRIM(A34) & TRIM(F34) & TRIM(H34) -> First ReviewQuest Adv VideoPH | J34: =IFERROR(VLOOKUP(I34,'WFM Q4 Target'!J:K,2,0),"-") -> 13.278 | K34: 280.1882 | L34: 10.9207 | M34: =IFERROR(IF(K34>J34,"Not Meet Target","Meet Target"),"-") -> Not Meet Target | N34: =IFERROR(VLOOKUP(D34,'Team Member List'!B:C,2,0),"") -> TL Okafor | O34: View ticket
A35: First Review | C35: Beatriz Souza | D35: Beatriz Souza | E35: Feature Ads | F35: Booking Ads Pre Approval | G35: Booking Ads Pre Approval | H35: JP | I35: =TRIM(A35) & TRIM(F35) & TRIM(H35) -> First ReviewBooking Ads Pre ApprovalJP | J35: =IFERROR(VLOOKUP(I35,'WFM Q4 Target'!J:K,2,0),"-") -> 788.154 | K35: 179.7305 | L35: 12.8813 | M35: =IFERROR(IF(K35>J35,"Not Meet Target","Meet Target"),"-") -> Meet Target | N35: =IFERROR(VLOOKUP(D35,'Team Member List'!B:C,2,0),"") -> TL Okafor | O35: View ticket
A36: First Review | C36: Grace Osei | D36: Grace Osei | E36: Quest | F36: Quest Adv Video | G36: Quest Adv Video | H36: ID | I36: =TRIM(A36) & TRIM(F36) & TRIM(H36) -> First ReviewQuest Adv VideoID | J36: =IFERROR(VLOOKUP(I36,'WFM Q4 Target'!J:K,2,0),"-") -> 49.086 | K36: 99.2646 | L36: 31.8211 | M36: =IFERROR(IF(K36>J36,"Not Meet Target","Meet Target"),"-") -> Not Meet Target | N36: =IFERROR(VLOOKUP(D36,'Team Member List'!B:C,2,0),"") -> TL Ramirez | O36: View ticket
A37: First Review | C37: Sanne Bakker | D37: Sanne Bakker | E37: Feature Ads | F37: Highlight View | G37: Highlight View | H37: JP | I37: =TRIM(A37) & TRIM(F37) & TRIM(H37) -> First ReviewHighlight ViewJP | J37: =IFERROR(VLOOKUP(I37,'WFM Q4 Target'!J:K,2,0),"-") -> 759.402 | K37: 590.1577 | L37: 0 | M37: =IFERROR(IF(K37>J37,"Not Meet Target","Meet Target"),"-") -> Meet Target | N37: =IFERROR(VLOOKUP(D37,'Team Member List'!B:C,2,0),"") -> TL Okafor | O37: View ticket
A38: First Review | C38: Hiro Sato | D38: Hiro Sato | E38: Feature Ads | F38: Booking Ads Pre Approval | G38: Booking Ads Pre Approval | H38: SG | I38: =TRIM(A38) & TRIM(F38) & TRIM(H38) -> First ReviewBooking Ads Pre ApprovalSG | J38: =IFERROR(VLOOKUP(I38,'WFM Q4 Target'!J:K,2,0),"-") -> 59.52 | K38: 253.2216 | L38: 69.1455 | M38: =IFERROR(IF(K38>J38,"Not Meet Target","Meet Target"),"-") -> Not Meet Target | N38: =IFERROR(VLOOKUP(D38,'Team Member List'!B:C,2,0),"") -> TL Ramirez | O38: View ticket
A39: First Review | D39: Hiro Sato | F39: Highlight View | G39: Highlight View | H39: SG | I39: =TRIM(A39) & TRIM(F39) & TRIM(H39) -> First ReviewHighlight ViewSG | J39: =IFERROR(VLOOKUP(I39,'WFM Q4 Target'!J:K,2,0),"-") -> 225.912 | K39: 146.5702 | L39: 0 | M39: =IFERROR(IF(K39>J39,"Not Meet Target","Meet Target"),"-") -> Meet Target | N39: =IFERROR(VLOOKUP(D39,'Team Member List'!B:C,2,0),"") -> TL Ramirez | O39: View ticket
A40: First Review | D40: Hiro Sato | E40: Quest | F40: HTC Adv Campaign | G40: HTC Adv Campaign | H40: MY | I40: =TRIM(A40) & TRIM(F40) & TRIM(H40) -> First ReviewHTC Adv CampaignMY | J40: =IFERROR(VLOOKUP(I40,'WFM Q4 Target'!J:K,2,0),"-") -> 96.534 | K40: 196.6465 | L40: 0 | M40: =IFERROR(IF(K40>J40,"Not Meet Target","Meet Target"),"-") -> Not Meet Target | N40: =IFERROR(VLOOKUP(D40,'Team Member List'!B:C,2,0),"") -> TL Ramirez | O40: View ticket
A41: First Review | D41: Hiro Sato | F41: Quest Adv Campaign | G41: Quest Adv Campaign | H41: MY | I41: =TRIM(A41) & TRIM(F41) & TRIM(H41) -> First ReviewQuest Adv CampaignMY | J41: =IFERROR(VLOOKUP(I41,'WFM Q4 Target'!J:K,2,0),"-") -> 47.592 | K41: 369.7195 | L41: 0 | M41: =IFERROR(IF(K41>J41,"Not Meet Target","Meet Target"),"-") -> Not Meet Target | N41: =IFERROR(VLOOKUP(D41,'Team Member List'!B:C,2,0),"") -> TL Ramirez | O41: View ticket
A42: First Review | C42: Sofia Novak | D42: Sofia Novak | E42: Feature Ads | F42: Highlight View | G42: Highlight View | H42: KH | I42: =TRIM(A42) & TRIM(F42) & TRIM(H42) -> First ReviewHighlight ViewKH | J42: =IFERROR(VLOOKUP(I42,'WFM Q4 Target'!J:K,2,0),"-") -> 126.318 | K42: 132.9872 | L42: 0 | M42: =IFERROR(IF(K42>J42,"Not Meet Target","Meet Target"),"-") -> Not Meet Target | N42: =IFERROR(VLOOKUP(D42,'Team Member List'!B:C,2,0),"") -> TL Okafor | O42: View ticket
A43: First Review | D43: Sofia Novak | G43: Highlight View | H43: PH | I43: =TRIM(A43) & TRIM(F43) & TRIM(H43) -> First ReviewPH | J43: =IFERROR(VLOOKUP(I43,'WFM Q4 Target'!J:K,2,0),"-") -> - | K43: 157.0969 | L43: 0 | M43: =IFERROR(IF(K43>J43,"Not Meet Target","Meet Target"),"-") -> Meet Target | N43: =IFERROR(VLOOKUP(D43,'Team Member List'!B:C,2,0),"") -> TL Okafor | O43: View ticket
A44: First Review | C44: Noah Bergstrom | D44: Noah Bergstrom | E44: Quest | F44: HTC Adv Campaign | G44: HTC Adv Campaign | H44: VN | I44: =TRIM(A44) & TRIM(F44) & TRIM(H44) -> First ReviewHTC Adv CampaignVN | J44: =IFERROR(VLOOKUP(I44,'WFM Q4 Target'!J:K,2,0),"-") -> 1077.744 | K44: 587.0227 | L44: 0 | M44: =IFERROR(IF(K44>J44,"Not Meet Target","Meet Target"),"-") -> Meet Target | N44: =IFERROR(VLOOKUP(D44,'Team Member List'!B:C,2,0),"") -> TL Lindgren | O44: View ticket
A45: First Review | D45: Noah Bergstrom | F45: HTC Adv Video | G45: HTC Adv Video | H45: VN | I45: =TRIM(A45) & TRIM(F45) & TRIM(H45) -> First ReviewHTC Adv VideoVN | J45: =IFERROR(VLOOKUP(I45,'WFM Q4 Target'!J:K,2,0),"-") -> - | K45: 426.6305 | L45: 3.9112 | M45: =IFERROR(IF(K45>J45,"Not Meet Target","Meet Target"),"-") -> Meet Target | N45: =IFERROR(VLOOKUP(D45,'Team Member List'!B:C,2,0),"") -> TL Lindgren | O45: View ticket
A46: First Review | C46: Priya Ramesh | D46: Priya Ramesh | E46: Quest | F46: HTC Adv Video | G46: HTC Adv Video | H46: ID | I46: =TRIM(A46) & TRIM(F46) & TRIM(H46) -> First ReviewHTC Adv VideoID | J46: =IFERROR(VLOOKUP(I46,'WFM Q4 Target'!J:K,2,0),"-") -> - | K46: 213.1774 | L46: 33.2102 | M46: =IFERROR(IF(K46>J46,"Not Meet Target","Meet Target"),"-") -> Meet Target | N46: =IFERROR(VLOOKUP(D46,'Team Member List'!B:C,2,0),"") -> TL Ramirez | O46: View ticket
A47: First Review | D47: Priya Ramesh | F47: Quest Adv Video | G47: Quest Adv Video | H47: ID | I47: =TRIM(A47) & TRIM(F47) & TRIM(H47) -> First ReviewQuest Adv VideoID | J47: =IFERROR(VLOOKUP(I47,'WFM Q4 Target'!J:K,2,0),"-") -> 49.086 | K47: 204.1665 | L47: 16.6974 | M47: =IFERROR(IF(K47>J47,"Not Meet Target","Meet Target"),"-") -> Not Meet Target | N47: =IFERROR(VLOOKUP(D47,'Team Member List'!B:C,2,0),"") -> TL Ramirez | O47: View ticket
A48: First Review | C48: Talia Rosen | D48: Talia Rosen | E48: Feature Ads | F48: EST | G48: EST | H48: CO | I48: =TRIM(A48) & TRIM(F48) & TRIM(H48) -> First ReviewESTCO | J48: =IFERROR(VLOOKUP(I48,'WFM Q4 Target'!J:K,2,0),"-") -> - | K48: 150.4677 | L48: 0 | M48: =IFERROR(IF(K48>J48,"Not Meet Target","Meet Target"),"-") -> Meet Target | N48: =IFERROR(VLOOKUP(D48,'Team Member List'!B:C,2,0),"") -> TL Ramirez | O48: View ticket
A49: First Review | D49: Talia Rosen | F49: Booking Ads Pre Approval | G49: Booking Ads Pre Approval | H49: ID | I49: =TRIM(A49) & TRIM(F49) & TRIM(H49) -> First ReviewBooking Ads Pre ApprovalID | J49: =IFERROR(VLOOKUP(I49,'WFM Q4 Target'!J:K,2,0),"-") -> 271.992 | K49: 341.6172 | L49: 19.8596 | M49: =IFERROR(IF(K49>J49,"Not Meet Target","Meet Target"),"-") -> Not Meet Target | N49: =IFERROR(VLOOKUP(D49,'Team Member List'!B:C,2,0),"") -> TL Ramirez | O49: View ticket
A50: First Review | D50: Talia Rosen | F50: Highlight View | G50: Highlight View | H50: ID | I50: =TRIM(A50) & TRIM(F50) & TRIM(H50) -> First ReviewHighlight ViewID | J50: =IFERROR(VLOOKUP(I50,'WFM Q4 Target'!J:K,2,0),"-") -> 590.502 | K50: 245.4542 | L50: 0 | M50: =IFERROR(IF(K50>J50,"Not Meet Target","Meet Target"),"-") -> Meet Target | N50: =IFERROR(VLOOKUP(D50,'Team Member List'!B:C,2,0),"") -> TL Ramirez | O50: View ticket
A51: First Review | D51: Talia Rosen | G51: Highlight View | H51: PK | I51: =TRIM(A51) & TRIM(F51) & TRIM(H51) -> First ReviewPK | J51: =IFERROR(VLOOKUP(I51,'WFM Q4 Target'!J:K,2,0),"-") -> - | K51: 424.8775 | L51: 0 | M51: =IFERROR(IF(K51>J51,"Not Meet Target","Meet Target"),"-") -> Meet Target | N51: =IFERROR(VLOOKUP(D51,'Team Member List'!B:C,2,0),"") -> TL Ramirez | O51: View ticket
A52: First Review | D52: Talia Rosen | G52: Highlight View | H52: ZA | I52: =TRIM(A52) & TRIM(F52) & TRIM(H52) -> First ReviewZA | J52: =IFERROR(VLOOKUP(I52,'WFM Q4 Target'!J:K,2,0),"-") -> - | K52: 380.3462 | L52: 0 | M52: =IFERROR(IF(K52>J52,"Not Meet Target","Meet Target"),"-") -> Meet Target | N52: =IFERROR(VLOOKUP(D52,'Team Member List'!B:C,2,0),"") -> TL Ramirez | O52: View ticket
A53: First Review | D53: Talia Rosen | E53: Quest | F53: BE Adv Campaign | G53: BE Adv Campaign | H53: ID | I53: =TRIM(A53) & TRIM(F53) & TRIM(H53) -> First ReviewBE Adv CampaignID | J53: =IFERROR(VLOOKUP(I53,'WFM Q4 Target'!J:K,2,0),"-") -> - | K53: 277.6117 | L53: 0 | M53: =IFERROR(IF(K53>J53,"Not Meet Target","Meet Target"),"-") -> Meet Target | N53: =IFERROR(VLOOKUP(D53,'Team Member List'!B:C,2,0),"") -> TL Ramirez | O53: View ticket
A54: First Review | D54: Talia Rosen | F54: BE Adv Video | G54: BE Adv Video | H54: ID | I54: =TRIM(A54) & TRIM(F54) & TRIM(H54) -> First ReviewBE Adv VideoID | J54: =IFERROR(VLOOKUP(I54,'WFM Q4 Target'!J:K,2,0),"-") -> - | K54: 315.4966 | L54: 14.2456 | M54: =IFERROR(IF(K54>J54,"Not Meet Target","Meet Target"),"-") -> Meet Target | N54: =IFERROR(VLOOKUP(D54,'Team Member List'!B:C,2,0),"") -> TL Ramirez | O54: View ticket
A55: First Review | D55: Talia Rosen | F55: HTC Adv Campaign | G55: HTC Adv Campaign | H55: CA | I55: =TRIM(A55) & TRIM(F55) & TRIM(H55) -> First ReviewHTC Adv CampaignCA | J55: =IFERROR(VLOOKUP(I55,'WFM Q4 Target'!J:K,2,0),"-") -> 233.244 | K55: 354.2311 | L55: 0 | M55: =IFERROR(IF(K55>J55,"Not Meet Target","Meet Target"),"-") -> Not Meet Target | N55: =IFERROR(VLOOKUP(D55,'Team Member List'!B:C,2,0),"") -> TL Ramirez | O55: View ticket
A56: First Review | D56: Talia Rosen | G56: HTC Adv Campaign | H56: ID | I56: =TRIM(A56) & TRIM(F56) & TRIM(H56) -> First ReviewID | J56: =IFERROR(VLOOKUP(I56,'WFM Q4 Target'!J:K,2,0),"-") -> - | K56: 312.5223 | L56: 0 | M56: =IFERROR(IF(K56>J56,"Not Meet Target","Meet Target"),"-") -> Meet Target | N56: =IFERROR(VLOOKUP(D56,'Team Member List'!B:C,2,0),"") -> TL Ramirez | O56: View ticket
A57: First Review | D57: Talia Rosen | F57: Quest Adv Campaign | G57: Quest Adv Campaign | H57: CA | I57: =TRIM(A57) & TRIM(F57) & TRIM(H57) -> First ReviewQuest Adv CampaignCA | J57: =IFERROR(VLOOKUP(I57,'WFM Q4 Target'!J:K,2,0),"-") -> 123.378 | K57: 356.7974 | L57: 0 | M57: =IFERROR(IF(K57>J57,"Not Meet Target","Meet Target"),"-") -> Not Meet Target | N57: =IFERROR(VLOOKUP(D57,'Team Member List'!B:C,2,0),"") -> TL Ramirez | O57: View ticket
A58: First Review | C58: Mateus Silva | D58: Mateus Silva | E58: Feature Ads | F58: Highlight View | G58: Highlight View | H58: TW | I58: =TRIM(A58) & TRIM(F58) & TRIM(H58) -> First ReviewHighlight ViewTW | J58: =IFERROR(VLOOKUP(I58,'WFM Q4 Target'!J:K,2,0),"-") -> 261.162 | K58: 297.1929 | L58: 0 | M58: =IFERROR(IF(K58>J58,"Not Meet Target","Meet Target"),"-") -> Not Meet Target | N58: =IFERROR(VLOOKUP(D58,'Team Member List'!B:C,2,0),"") -> TL Okafor | O58: View ticket
A59: First Review | C59: Giulia Romano | D59: Giulia Romano | E59: Feature Ads | F59: Booking Ads Pre Approval | G59: Booking Ads Pre Approval | H59: TH | I59: =TRIM(A59) & TRIM(F59) & TRIM(H59) -> First ReviewBooking Ads Pre ApprovalTH | J59: =IFERROR(VLOOKUP(I59,'WFM Q4 Target'!J:K,2,0),"-") -> 84.51 | K59: 149.9949 | L59: 16.6844 | M59: =IFERROR(IF(K59>J59,"Not Meet Target","Meet Target"),"-") -> Not Meet Target | N59: =IFERROR(VLOOKUP(D59,'Team Member List'!B:C,2,0),"") -> TL Cabrera | O59: View ticket
A60: First Review | C60: Jonas Weber | D60: Jonas Weber | E60: Feature Ads | F60: Highlight View | G60: Highlight View | H60: AE | I60: =TRIM(A60) & TRIM(F60) & TRIM(H60) -> First ReviewHighlight ViewAE | J60: =IFERROR(VLOOKUP(I60,'WFM Q4 Target'!J:K,2,0),"-") -> 6.33 | K60: 376.4206 | L60: 0 | M60: =IFERROR(IF(K60>J60,"Not Meet Target","Meet Target"),"-") -> Not Meet Target | N60: =IFERROR(VLOOKUP(D60,'Team Member List'!B:C,2,0),"") -> TL Lindgren | O60: View ticket
A61: First Review | D61: Jonas Weber | G61: Highlight View | H61: VN | I61: =TRIM(A61) & TRIM(F61) & TRIM(H61) -> First ReviewVN | J61: =IFERROR(VLOOKUP(I61,'WFM Q4 Target'!J:K,2,0),"-") -> - | K61: 148.2353 | L61: 0 | M61: =IFERROR(IF(K61>J61,"Not Meet Target","Meet Target"),"-") -> Meet Target | N61: =IFERROR(VLOOKUP(D61,'Team Member List'!B:C,2,0),"") -> TL Lindgren | O61: View ticket
A62: First Review | D62: Jonas Weber | E62: Quest | F62: BE Adv Video | G62: BE Adv Video | H62: VN | I62: =TRIM(A62) & TRIM(F62) & TRIM(H62) -> First ReviewBE Adv VideoVN | J62: =IFERROR(VLOOKUP(I62,'WFM Q4 Target'!J:K,2,0),"-") -> - | K62: 191.7008 | L62: 28.2282 | M62: =IFERROR(IF(K62>J62,"Not Meet Target","Meet Target"),"-") -> Meet Target | N62: =IFERROR(VLOOKUP(D62,'Team Member List'!B:C,2,0),"") -> TL Lindgren | O62: View ticket
A63: First Review | D63: Jonas Weber | F63: Quest Adv Video | G63: Quest Adv Video | H63: VN | I63: =TRIM(A63) & TRIM(F63) & TRIM(H63) -> First ReviewQuest Adv VideoVN | J63: =IFERROR(VLOOKUP(I63,'WFM Q4 Target'!J:K,2,0),"-") -> 737.892 | K63: 188.8131 | L63: 28.8274 | M63: =IFERROR(IF(K63>J63,"Not Meet Target","Meet Target"),"-") -> Meet Target | N63: =IFERROR(VLOOKUP(D63,'Team Member List'!B:C,2,0),"") -> TL Lindgren | O63: View ticket
A64: First Review | C64: Chloe Martin | D64: Chloe Martin | E64: Bid Ads | F64: Bid Ecom Ads Group | G64: Bid Ecom Ads Group | H64: TH | I64: =TRIM(A64) & TRIM(F64) & TRIM(H64) -> First ReviewBid Ecom Ads GroupTH | J64: =IFERROR(VLOOKUP(I64,'WFM Q4 Target'!J:K,2,0),"-") -> 117.78 | K64: 1510.2616 | L64: 11.291 | M64: =IFERROR(IF(K64>J64,"Not Meet Target","Meet Target"),"-") -> Not Meet Target | N64: =IFERROR(VLOOKUP(D64,'Team Member List'!B:C,2,0),"") -> TL Okafor | O64: View ticket
A65: First Review | D65: Chloe Martin | E65: Feature Ads | F65: EST | G65: EST | H65: TH | I65: =TRIM(A65) & TRIM(F65) & TRIM(H65) -> First ReviewESTTH | J65: =IFERROR(VLOOKUP(I65,'WFM Q4 Target'!J:K,2,0),"-") -> - | K65: 824.2817 | L65: 0 | M65: =IFERROR(IF(K65>J65,"Not Meet Target","Meet Target"),"-") -> Meet Target | N65: =IFERROR(VLOOKUP(D65,'Team Member List'!B:C,2,0),"") -> TL Okafor | O65: View ticket
A66: First Review | D66: Chloe Martin | F66: Booking Ads Pre Approval | G66: Booking Ads Pre Approval | H66: TH | I66: =TRIM(A66) & TRIM(F66) & TRIM(H66) -> First ReviewBooking Ads Pre ApprovalTH | J66: =IFERROR(VLOOKUP(I66,'WFM Q4 Target'!J:K,2,0),"-") -> 84.51 | K66: 144.6629 | L66: 22.1099 | M66: =IFERROR(IF(K66>J66,"Not Meet Target","Meet Target"),"-") -> Not Meet Target | N66: =IFERROR(VLOOKUP(D66,'Team Member List'!B:C,2,0),"") -> TL Okafor | O66: View ticket
A67: Posted Recall | C67: Sanne Bakker | D67: Sanne Bakker | E67: Bid Ads | F67: Bid Ecom Ads Group | G67: Bid Ecom Ads Group | H67: JP | I67: =TRIM(A67) & TRIM(F67) & TRIM(H67) -> Posted RecallBid Ecom Ads GroupJP | J67: =IFERROR(VLOOKUP(I67,'WFM Q4 Target'!J:K,2,0),"-") -> 125.826 | K67: 116.2748 | L67: 44.8951 | M67: =IFERROR(IF(K67>J67,"Not Meet Target","Meet Target"),"-") -> Meet Target | N67: =IFERROR(VLOOKUP(D67,'Team Member List'!B:C,2,0),"") -> TL Okafor | O67: View ticket
A68: Posted Recall | C68: Maya Santoso | D68: Maya Santoso | E68: Bid Ads | F68: Bid Ad Group | G68: Bid Ad Group | H68: MY | I68: =TRIM(A68) & TRIM(F68) & TRIM(H68) -> Posted RecallBid Ad GroupMY | J68: =IFERROR(VLOOKUP(I68,'WFM Q4 Target'!J:K,2,0),"-") -> 125.562 | K68: 195.1484 | L68: 218.851 | M68: =IFERROR(IF(K68>J68,"Not Meet Target","Meet Target"),"-") -> Not Meet Target | N68: =IFERROR(VLOOKUP(D68,'Team Member List'!B:C,2,0),"") -> TL Cabrera | O68: View ticket
A69: Posted Recall | C69: Nikolai Petrov | D69: Nikolai Petrov | E69: Trial Install | F69: Trial Install Android App | G69: Trial Install Android App | H69: ID | I69: =TRIM(A69) & TRIM(F69) & TRIM(H69) -> Posted RecallTrial Install Android AppID | J69: =IFERROR(VLOOKUP(I69,'WFM Q4 Target'!J:K,2,0),"-") -> 532.764 | K69: 2176.939 | L69: 121.5492 | M69: =IFERROR(IF(K69>J69,"Not Meet Target","Meet Target"),"-") -> Not Meet Target | N69: =IFERROR(VLOOKUP(D69,'Team Member List'!B:C,2,0),"") -> TL Cabrera | O69: View ticket
A70: Posted Recall | C70: Andres Molina | D70: Andres Molina | E70: Trial Install | F70: Trial Install Android App | G70: Trial Install Android App | H70: ID | I70: =TRIM(A70) & TRIM(F70) & TRIM(H70) -> Posted RecallTrial Install Android AppID | J70: =IFERROR(VLOOKUP(I70,'WFM Q4 Target'!J:K,2,0),"-") -> 532.764 | K70: 526.6103 | L70: 427.3362 | M70: =IFERROR(IF(K70>J70,"Not Meet Target","Meet Target"),"-") -> Meet Target | N70: =IFERROR(VLOOKUP(D70,'Team Member List'!B:C,2,0),"") -> TL Cabrera | O70: View ticket
A71: Posted Recall | D71: Andres Molina | G71: Trial Install Android App | H71: VN | I71: =TRIM(A71) & TRIM(F71) & TRIM(H71) -> Posted RecallVN | J71: =IFERROR(VLOOKUP(I71,'WFM Q4 Target'!J:K,2,0),"-") -> - | K71: 358.8737 | L71: 1006.7968 | M71: =IFERROR(IF(K71>J71,"Not Meet Target","Meet Target"),"-") -> Meet Target | N71: =IFERROR(VLOOKUP(D71,'Team Member List'!B:C,2,0),"") -> TL Cabrera | O71: View ticket
A72: Posted Recall | C72: Naledi Dlamini | D72: Naledi Dlamini | E72: Trial Install | F72: Trial Install Android App | G72: Trial Install Android App | H72: ID | I72: =TRIM(A72) & TRIM(F72) & TRIM(H72) -> Posted RecallTrial Install Android AppID | J72: =IFERROR(VLOOKUP(I72,'WFM Q4 Target'!J:K,2,0),"-") -> 532.764 | K72: 329.8717 | L72: 307.2843 | M72: =IFERROR(IF(K72>J72,"Not Meet Target","Meet Target"),"-") -> Meet Target | N72: =IFERROR(VLOOKUP(D72,'Team Member List'!B:C,2,0),"") -> TL Cabrera | O72: View ticket

Sheet W51
A1: Notes: Summary of specialist AHT for tickets exceeding target (sample data)
A2: Color Scheme: RED text when AHT does not meet the WFM target
A3: Audit Stage | B3: Audit Stage | C3: Name | D3: Name (Refer) | E3: product_level1_name | F3: product_level2_name | G3: product_level2_name | H3: delivery_country | I3: Helper | J3: AHT Target (sec) (WFM) | K3: 2024-W51(12/16~12/22) | M3: Meet Target | N3: TL Name | O3: Reference Link
K4: AHT (sec) | L4: Average Video Duration (sec)
A5: First Review | C5: Leo Marchetti | D5: Leo Marchetti | E5: Feature Ads | F5: Booking Ads Pre Approval | G5: Booking Ads Pre Approval | H5: AU | I5: =TRIM(A5) & TRIM(F5) & TRIM(H5) -> First ReviewBooking Ads Pre ApprovalAU | J5: =IFERROR(VLOOKUP(I5,'WFM Q4 Target'!J:K,2,0),"-") -> 174.66 | K5: 172.0025 | L5: 19.5694 | M5: =IFERROR(IF(K5>J5,"Not Meet Target","Meet Target"),"-") -> Meet Target | N5: =IFERROR(VLOOKUP(D5,'Team Member List'!B:C,2,0),"") -> TL Lindgren | O5: View ticket
A6: First Review | D6: Leo Marchetti | F6: Highlight View | G6: Highlight View | H6: ES | I6: =TRIM(A6) & TRIM(F6) & TRIM(H6) -> First ReviewHighlight ViewES | J6: =IFERROR(VLOOKUP(I6,'WFM Q4 Target'!J:K,2,0),"-") -> 168.468 | K6: 234.3876 | L6: 0 | M6: =IFERROR(IF(K6>J6,"Not Meet Target","Meet Target"),"-") -> Not Meet Target | N6: =IFERROR(VLOOKUP(D6,'Team Member List'!B:C,2,0),"") -> TL Lindgren | O6: View ticket
A7: First Review | D7: Leo Marchetti | F7: Highlight View | H7: GB | I7: =TRIM(A7) & TRIM(F7) & TRIM(H7) -> First ReviewHighlight ViewGB | J7: =IFERROR(VLOOKUP(I7,'WFM Q4 Target'!J:K,2,0),"-") -> 151.884 | K7: 373.6594 | L7: 0 | M7: =IFERROR(IF(K7>J7,"Not Meet Target","Meet Target"),"-") -> Not Meet Target | N7: =IFERROR(VLOOKUP(D7,'Team Member List'!B:C,2,0),"") -> TL Lindgren | O7: View ticket
A8: First Review | D8: Leo Marchetti | F8: Highlight View | H8: NZ | I8: =TRIM(A8) & TRIM(F8) & TRIM(H8) -> First ReviewHighlight ViewNZ | J8: =IFERROR(VLOOKUP(I8,'WFM Q4 Target'!J:K,2,0),"-") -> 212.076 | K8: 488.2698 | L8: 0 | M8: =IFERROR(IF(K8>J8,"Not Meet Target","Meet Target"),"-") -> Not Meet Target | N8: =IFERROR(VLOOKUP(D8,'Team Member List'!B:C,2,0),"") -> TL Lindgren | O8: View ticket
A9: First Review | D9: Leo Marchetti | F9: Highlight View | H9: PL | I9: =TRIM(A9) & TRIM(F9) & TRIM(H9) -> First ReviewHighlight ViewPL | J9: =IFERROR(VLOOKUP(I9,'WFM Q4 Target'!J:K,2,0),"-") -> 598.278 | K9: 351.0042 | L9: 0 | M9: =IFERROR(IF(K9>J9,"Not Meet Target","Meet Target"),"-") -> Meet Target | N9: =IFERROR(VLOOKUP(D9,'Team Member List'!B:C,2,0),"") -> TL Lindgren | O9: View ticket
A10: First Review | D10: Leo Marchetti | F10: Highlight View | H10: SA | I10: =TRIM(A10) & TRIM(F10) & TRIM(H10) -> First ReviewHighlight ViewSA | J10: =IFERROR(VLOOKUP(I10,'WFM Q4 Target'!J:K,2,0),"-") -> 778.374 | K10: 129.0047 | L10: 0 | M10: =IFERROR(IF(K10>J10,"Not Meet Target","Meet Target"),"-") -> Meet Target | N10: =IFERROR(VLOOKUP(D10,'Team Member List'!B:C,2,0),"") -> TL Lindgren | O10: View ticket
A11: First Review | C11: Mateus Silva | D11: Mateus Silva | E11: Feature Ads | F11: Booking Ads Pre Approval | G11: Booking Ads Pre Approval | H11: TW | I11: =TRIM(A11) & TRIM(F11) & TRIM(H11) -> First ReviewBooking Ads Pre ApprovalTW | J11: =IFERROR(VLOOKUP(I11,'WFM Q4 Target'!J:K,2,0),"-") -> 256.044 | K11: 198.4791 | L11: 40.4862 | M11: =IFERROR(IF(K11>J11,"Not Meet Target","Meet Target"),"-") -> Meet Target | N11: =IFERROR(VLOOKUP(D11,'Team Member List'!B:C,2,0),"") -> TL Okafor | O11: View ticket
A12: First Review | D12: Mateus Silva | F12: Highlight View | G12: Highlight View | H12: TW | I12: =TRIM(A12) & TRIM(F12) & TRIM(H12) -> First ReviewHighlight ViewTW | J12: =IFERROR(VLOOKUP(I12,'WFM Q4 Target'!J:K,2,0),"-") -> 261.162 | K12: 261.8074 | L12: 0 | M12: =IFERROR(IF(K12>J12,"Not Meet Target","Meet Target"),"-") -> Not Meet Target | N12: =IFERROR(VLOOKUP(D12,'Team Member List'!B:C,2,0),"") -> TL Okafor | O12: View ticket
A13: First Review | C13: Lucas Ferreira | D13: Lucas Ferreira | E13: Feature Ads | F13: Booking Ads Pre Approval | G13: Booking Ads Pre Approval | H13: VN | I13: =TRIM(A13) & TRIM(F13) & TRIM(H13) -> First ReviewBooking Ads Pre ApprovalVN | J13: =IFERROR(VLOOKUP(I13,'WFM Q4 Target'!J:K,2,0),"-") -> 213.222 | K13: 424.7292 | L13: 28.2749 | M13: =IFERROR(IF(K13>J13,"Not Meet Target","Meet Target"),"-") -> Not Meet Target | N13: =IFERROR(VLOOKUP(D13,'Team Member List'!B:C,2,0),"") -> TL Lindgren | O13: View ticket
A14: First Review | D14: Lucas Ferreira | F14: Highlight View | G14: Highlight View | H14: FI | I14: =TRIM(A14) & TRIM(F14) & TRIM(H14) -> First ReviewHighlight ViewFI | J14: =IFERROR(VLOOKUP(I14,'WFM Q4 Target'!J:K,2,0),"-") -> 612.93 | K14: 377.5876 | L14: 0 | M14: =IFERROR(IF(K14>J14,"Not Meet Target","Meet Target"),"-") -> Meet Target | N14: =IFERROR(VLOOKUP(D14,'Team Member List'!B:C,2,0),"") -> TL Lindgren | O14: View ticket
A15: First Review | D15: Lucas Ferreira | F15: Highlight View | H15: PL | I15: =TRIM(A15) & TRIM(F15) & TRIM(H15) -> First ReviewHighlight ViewPL | J15: =IFERROR(VLOOKUP(I15,'WFM Q4 Target'!J:K,2,0),"-") -> 598.278 | K15: 444.3515 | L15: 0 | M15: =IFERROR(IF(K15>J15,"Not Meet Target","Meet Target"),"-") -> Meet Target | N15: =IFERROR(VLOOKUP(D15,'Team Member List'!B:C,2,0),"") -> TL Lindgren | O15: View ticket
A16: First Review | D16: Lucas Ferreira | E16: Editorial Ads | F16: FX Studio | G16: FX Studio | H16: US | I16: =TRIM(A16) & TRIM(F16) & TRIM(H16) -> First ReviewFX StudioUS | J16: =IFERROR(VLOOKUP(I16,'WFM Q4 Target'!J:K,2,0),"-") -> 61.572 | K16: 420.7932 | L16: 2.3842 | M16: =IFERROR(IF(K16>J16,"Not Meet Target","Meet Target"),"-") -> Not Meet Target | N16: =IFERROR(VLOOKUP(D16,'Team Member List'!B:C,2,0),"") -> TL Lindgren | O16: View ticket
A17: First Review | C17: Chloe Martin | D17: Chloe Martin | E17: Feature Ads | F17: Booking Ads Pre Approval | G17: Booking Ads Pre Approval | H17: TH | I17: =TRIM(A17) & TRIM(F17) & TRIM(H17) -> First ReviewBooking Ads Pre ApprovalTH | J17: =IFERROR(VLOOKUP(I17,'WFM Q4 Target'!J:K,2,0),"-") -> 84.51 | K17: 202.4655 | L17: 14.3378 | M17: =IFERROR(IF(K17>J17,"Not Meet Target","Meet Target"),"-") -> Not Meet Target | N17: =IFERROR(VLOOKUP(D17,'Team Member List'!B:C,2,0),"") -> TL Okafor | O17: View ticket
A18: First Review | D18: Chloe Martin | F18: Highlight View | G18: Highlight View | H18: TH | I18: =TRIM(A18) & TRIM(F18) & TRIM(H18) -> First ReviewHighlight ViewTH | J18: =IFERROR(VLOOKUP(I18,'WFM Q4 Target'!J:K,2,0),"-") -> 225.126 | K18: 367.2237 | L18: 0 | M18: =IFERROR(IF(K18>J18,"Not Meet Target","Meet Target"),"-") -> Not Meet Target | N18: =IFERROR(VLOOKUP(D18,'Team Member List'!B:C,2,0),"") -> TL Okafor | O18: View ticket
A19: First Review | C19: Ravi Kapoor | D19: Ravi Kapoor | E19: Feature Ads | F19: Highlight View | G19: Highlight View | H19: ID | I19: =TRIM(A19) & TRIM(F19) & TRIM(H19) -> First ReviewHighlight ViewID | J19: =IFERROR(VLOOKUP(I19,'WFM Q4 Target'!J:K,2,0),"-") -> 590.502 | K19: 514.1014 | L19: 0 | M19: =IFERROR(IF(K19>J19,"Not Meet Target","Meet Target"),"-") -> Meet Target | N19: =IFERROR(VLOOKUP(D19,'Team Member List'!B:C,2,0),"") -> TL Ramirez | O19: View ticket
A20: First Review | D20: Ravi Kapoor | E20: Quest | F20: Quest Adv Video | G20: Quest Adv Video | H20: ID | I20: =TRIM(A20) & TRIM(F20) & TRIM(H20) -> First ReviewQuest Adv VideoID | J20: =IFERROR(VLOOKUP(I20,'WFM Q4 Target'!J:K,2,0),"-") -> 49.086 | K20: 134.2448 | L20: 50.8421 | M20: =IFERROR(IF(K20>J20,"Not Meet Target","Meet Target"),"-") -> Not Meet Target | N20: =IFERROR(VLOOKUP(D20,'Team Member List'!B:C,2,0),"") -> TL Ramirez | O20: View ticket
A21: First Review | C21: Felix Brandt | D21: Felix Brandt | E21: Feature Ads | F21: Highlight View | G21: Highlight View | H21: FR | I21: =TRIM(A21) & TRIM(F21) & TRIM(H21) -> First ReviewHighlight ViewFR | J21: =IFERROR(VLOOKUP(I21,'WFM Q4 Target'!J:K,2,0),"-") -> 636.57 | K21: 212.8487 | L21: 0 | M21: =IFERROR(IF(K21>J21,"Not Meet Target","Meet Target"),"-") -> Meet Target | N21: =IFERROR(VLOOKUP(D21,'Team Member List'!B:C,2,0),"") -> TL Okafor | O21: View ticket
A22: First Review | D22: Felix Brandt | F22: Highlight View | H22: JP | I22: =TRIM(A22) & TRIM(F22) & TRIM(H22) -> First ReviewHighlight ViewJP | J22: =IFERROR(VLOOKUP(I22,'WFM Q4 Target'!J:K,2,0),"-") -> 759.402 | K22: 178.2818 | L22: 0 | M22: =IFERROR(IF(K22>J22,"Not Meet Target","Meet Target"),"-") -> Meet Target | N22: =IFERROR(VLOOKUP(D22,'Team Member List'!B:C,2,0),"") -> TL Okafor | O22: View ticket
A23: First Review | C23: Sofia Novak | D23: Sofia Novak | E23: Feature Ads | F23: Highlight View | G23: Highlight View | H23: AE | I23: =TRIM(A23) & TRIM(F23) & TRIM(H23) -> First ReviewHighlight ViewAE | J23: =IFERROR(VLOOKUP(I23,'WFM Q4 Target'!J:K,2,0),"-") -> 6.33 | K23: 210.9463 | L23: 0 | M23: =IFERROR(IF(K23>J23,"Not Meet Target","Meet Target"),"-") -> Not Meet Target | N23: =IFERROR(VLOOKUP(D23,'Team Member List'!B:C,2,0),"") -> TL Okafor | O23: View ticket
A24: First Review | D24: Sofia Novak | E24: Quest | F24: BE Adv Video | G24: BE Adv Video | H24: US | I24: =TRIM(A24) & TRIM(F24) & TRIM(H24) -> First ReviewBE Adv VideoUS | J24: =IFERROR(VLOOKUP(I24,'WFM Q4 Target'!J:K,2,0),"-") -> - | K24: 1190.1027 | L24: 35.5353 | M24: =IFERROR(IF(K24>J24,"Not Meet Target","Meet Target"),"-") -> Meet Target | N24: =IFERROR(VLOOKUP(D24,'Team Member List'!B:C,2,0),"") -> TL Okafor | O24: View ticket
A25: First Review | D25: Sofia Novak | F25: HTC Adv Video | G25: HTC Adv Video | H25: PH | I25: =TRIM(A25) & TRIM(F25) & TRIM(H25) -> First ReviewHTC Adv VideoPH | J25: =IFERROR(VLOOKUP(I25,'WFM Q4 Target'!J:K,2,0),"-") -> 29.562 | K25: 204.9477 | L25: 18.6145 | M25: =IFERROR(IF(K25>J25,"Not Meet Target","Meet Target"),"-") -> Not Meet Target | N25: =IFERROR(VLOOKUP(D25,'Team Member List'!B:C,2,0),"") -> TL Okafor | O25: View ticket
A26: First Review | C26: Dimitri Volkov | D26: Dimitri Volkov | E26: Feature Ads | F26: Highlight View | G26: Highlight View | H26: JP | I26: =TRIM(A26) & TRIM(F26) & TRIM(H26) -> First ReviewHighlight ViewJP | J26: =IFERROR(VLOOKUP(I26,'WFM Q4 Target'!J:K,2,0),"-") -> 759.402 | K26: 227.1809 | L26: 0 | M26: =IFERROR(IF(K26>J26,"Not Meet Target","Meet Target"),"-") -> Meet Target | N26: =IFERROR(VLOOKUP(D26,'Team Member List'!B:C,2,0),"") -> TL Okafor | O26: View ticket
A27: First Review | C27: Andres Molina | D27: Andres Molina | E27: Editorial Ads | F27: FX Studio | G27: FX Studio | H27: KR | I27: =TRIM(A27) & TRIM(F27) & TRIM(H27) -> First ReviewFX StudioKR | J27: =IFERROR(VLOOKUP(I27,'WFM Q4 Target'!J:K,2,0),"-") -> - | K27: 183.7719 | L27: 10.5768 | M27: =IFERROR(IF(K27>J27,"Not Meet Target","Meet Target"),"-") -> Meet Target | N27: =IFERROR(VLOOKUP(D27,'Team Member List'!B:C,2,0),"") -> TL Cabrera | O27: View ticket
A28: First Review | C28: Jonas Weber | D28: Jonas Weber | E28: Feature Ads | F28: Booking Ads Pre Approval | G28: Booking Ads Pre Approval | H28: HU | I28: =TRIM(A28) & TRIM(F28) & TRIM(H28) -> First ReviewBooking Ads Pre ApprovalHU | J28: =IFERROR(VLOOKUP(I28,'WFM Q4 Target'!J:K,2,0),"-") -> - | K28: 281.3266 | L28: 17.0331 | M28: =IFERROR(IF(K28>J28,"Not Meet Target","Meet Target"),"-") -> Meet Target | N28: =IFERROR(VLOOKUP(D28,'Team Member List'!B:C,2,0),"") -> TL Lindgren | O28: View ticket
A29: First Review | D29: Jonas Weber | F29: Highlight View | G29: Highlight View | H29: VN | I29: =TRIM(A29) & TRIM(F29) & TRIM(H29) -> First ReviewHighlight ViewVN | J29: =IFERROR(VLOOKUP(I29,'WFM Q4 Target'!J:K,2,0),"-") -> 286.158 | K29: 559.8718 | L29: 0 | M29: =IFERROR(IF(K29>J29,"Not Meet Target","Meet Target"),"-") -> Not Meet Target | N29: =IFERROR(VLOOKUP(D29,'Team Member List'!B:C,2,0),"") -> TL Lindgren | O29: View ticket
A30: First Review | D30: Jonas Weber | E30: Quest | F30: HTC Adv Video | G30: HTC Adv Video | H30: VN | I30: =TRIM(A30) & TRIM(F30) & TRIM(H30) -> First ReviewHTC Adv VideoVN | J30: =IFERROR(VLOOKUP(I30,'WFM Q4 Target'!J:K,2,0),"-") -> - | K30: 224.8429 | L30: 48.711 | M30: =IFERROR(IF(K30>J30,"Not Meet Target","Meet Target"),"-") -> Meet Target | N30: =IFERROR(VLOOKUP(D30,'Team Member List'!B:C,2,0),"") -> TL Lindgren | O30: View ticket
A31: First Review | D31: Jonas Weber | F31: Quest Adv Campaign | G31: Quest Adv Campaign | H31: VN | I31: =TRIM(A31) & TRIM(F31) & TRIM(H31) -> First ReviewQuest Adv CampaignVN | J31: =IFERROR(VLOOKUP(I31,'WFM Q4 Target'!J:K,2,0),"-") -> 744.528 | K31: 419.701 | L31: 0 | M31: =IFERROR(IF(K31>J31,"Not Meet Target","Meet Target"),"-") -> Meet Target | N31: =IFERROR(VLOOKUP(D31,'Team Member List'!B:C,2,0),"") -> TL Lindgren | O31: View ticket
A32: First Review | D32: Jonas Weber | F32: Quest Adv Video | G32: Quest Adv Video | H32: VN | I32: =TRIM(A32) & TRIM(F32) & TRIM(H32) -> First ReviewQuest Adv VideoVN | J32: =IFERROR(VLOOKUP(I32,'WFM Q4 Target'!J:K,2,0),"-") -> 737.892 | K32: 253.5907 | L32: 61.0863 | M32: =IFERROR(IF(K32>J32,"Not Meet Target","Meet Target"),"-") -> Meet Target | N32: =IFERROR(VLOOKUP(D32,'Team Member List'!B:C,2,0),"") -> TL Lindgren | O32: View ticket
A33: First Review | C33: Layla Hassan | D33: Layla Hassan | E33: Feature Ads | F33: Booking Ads Pre Approval | G33: Booking Ads Pre Approval | H33: BR | I33: =TRIM(A33) & TRIM(F33) & TRIM(H33) -> First ReviewBooking Ads Pre ApprovalBR | J33: =IFERROR(VLOOKUP(I33,'WFM Q4 Target'!J:K,2,0),"-") -> 1137.432 | K33: 588.0593 | L33: 26.9512 | M33: =IFERROR(IF(K33>J33,"Not Meet Target","Meet Target"),"-") -> Meet Target | N33: =IFERROR(VLOOKUP(D33,'Team Member List'!B:C,2,0),"") -> TL Lindgren | O33: View ticket
A34: First Review | D34: Layla Hassan | E34: Quest | F34: HTC Adv Campaign | G34: HTC Adv Campaign | H34: VN | I34: =TRIM(A34) & TRIM(F34) & TRIM(H34) -> First ReviewHTC Adv CampaignVN | J34: =IFERROR(VLOOKUP(I34,'WFM Q4 Target'!J:K,2,0),"-") -> 1077.744 | K34: 138.4768 | L34: 0 | M34: =IFERROR(IF(K34>J34,"Not Meet Target","Meet Target"),"-") -> Meet Target | N34: =IFERROR(VLOOKUP(D34,'Team Member List'!B:C,2,0),"") -> TL Lindgren | O34: View ticket
A35: First Review | C35: Zara Iqbal | D35: Zara Iqbal | E35: Feature Ads | F35: Highlight View | G35: Highlight View | H35: JP | I35: =TRIM(A35) & TRIM(F35) & TRIM(H35) -> First ReviewHighlight ViewJP | J35: =IFERROR(VLOOKUP(I35,'WFM Q4 Target'!J:K,2,0),"-") -> 759.402 | K35: 137.7265 | L35: 0 | M35: =IFERROR(IF(K35>J35,"Not Meet Target","Meet Target"),"-") -> Meet Target | N35: =IFERROR(VLOOKUP(D35,'Team Member List'!B:C,2,0),"") -> TL Okafor | O35: View ticket
A36: First Review | C36: Theo Andersson | D36: Theo Andersson | E36: Feature Ads | F36: Highlight View | G36: Highlight View | H36: KR | I36: =TRIM(A36) & TRIM(F36) & TRIM(H36) -> First ReviewHighlight ViewKR | J36: =IFERROR(VLOOKUP(I36,'WFM Q4 Target'!J:K,2,0),"-") -> 57.264 | K36: 165.1797 | L36: 0 | M36: =IFERROR(IF(K36>J36,"Not Meet Target","Meet Target"),"-") -> Not Meet Target | N36: =IFERROR(VLOOKUP(D36,'Team Member List'!B:C,2,0),"") -> TL Okafor | O36: View ticket
A37: First Review | C37: Diego Alvarez | D37: Diego Alvarez | E37: Feature Ads | F37: Highlight View | G37: Highlight View | H37: VN | I37: =TRIM(A37) & TRIM(F37) & TRIM(H37) -> First ReviewHighlight ViewVN | J37: =IFERROR(VLOOKUP(I37,'WFM Q4 Target'!J:K,2,0),"-") -> 286.158 | K37: 225.8808 | L37: 0 | M37: =IFERROR(IF(K37>J37,"Not Meet Target","Meet Target"),"-") -> Meet Target | N37: =IFERROR(VLOOKUP(D37,'Team Member List'!B:C,2,0),"") -> TL Lindgren | O37: View ticket
A38: First Review | C38: Bram de Vries | D38: Bram de Vries | E38: Feature Ads | F38: Booking Ads Pre Approval | G38: Booking Ads Pre Approval | H38: MY | I38: =TRIM(A38) & TRIM(F38) & TRIM(H38) -> First ReviewBooking Ads Pre ApprovalMY | J38: =IFERROR(VLOOKUP(I38,'WFM Q4 Target'!J:K,2,0),"-") -> 91.824 | K38: 564.4524 | L38: 21.0937 | M38: =IFERROR(IF(K38>J38,"Not Meet Target","Meet Target"),"-") -> Not Meet Target | N38: =IFERROR(VLOOKUP(D38,'Team Member List'!B:C,2,0),"") -> TL Ramirez | O38: View ticket
A39: First Review | D39: Bram de Vries | F39: Highlight View | G39: Highlight View | H39: MY | I39: =TRIM(A39) & TRIM(F39) & TRIM(H39) -> First ReviewHighlight ViewMY | J39: =IFERROR(VLOOKUP(I39,'WFM Q4 Target'!J:K,2,0),"-") -> 242.28 | K39: 129.2502 | L39: 0 | M39: =IFERROR(IF(K39>J39,"Not Meet Target","Meet Target"),"-") -> Meet Target | N39: =IFERROR(VLOOKUP(D39,'Team Member List'!B:C,2,0),"") -> TL Ramirez | O39: View ticket
A40: First Review | D40: Bram de Vries | F40: Highlight View | H40: SG | I40: =TRIM(A40) & TRIM(F40) & TRIM(H40) -> First ReviewHighlight ViewSG | J40: =IFERROR(VLOOKUP(I40,'WFM Q4 Target'!J:K,2,0),"-") -> 225.912 | K40: 168.0253 | L40: 0 | M40: =IFERROR(IF(K40>J40,"Not Meet Target","Meet Target"),"-") -> Meet Target | N40: =IFERROR(VLOOKUP(D40,'Team Member List'!B:C,2,0),"") -> TL Ramirez | O40: View ticket
A41: First Review | C41: Anika Sharma | D41: Anika Sharma | E41: Feature Ads | F41: Booking Ads Pre Approval | G41: Booking Ads Pre Approval | H41: MY | I41: =TRIM(A41) & TRIM(F41) & TRIM(H41) -> First ReviewBooking Ads Pre ApprovalMY | J41: =IFERROR(VLOOKUP(I41,'WFM Q4 Target'!J:K,2,0),"-") -> 91.824 | K41: 122.3909 | L41: 29.982 | M41: =IFERROR(IF(K41>J41,"Not Meet Target","Meet Target"),"-") -> Not Meet Target | N41: =IFERROR(VLOOKUP(D41,'Team Member List'!B:C,2,0),"") -> TL Ramirez | O41: View ticket
A42: First Review | D42: Anika Sharma | F42: Booking Ads Pre Approval | H42: SG | I42: =TRIM(A42) & TRIM(F42) & TRIM(H42) -> First ReviewBooking Ads Pre ApprovalSG | J42: =IFERROR(VLOOKUP(I42,'WFM Q4 Target'!J:K,2,0),"-") -> 59.52 | K42: 167.4847 | L42: 12.6715 | M42: =IFERROR(IF(K42>J42,"Not Meet Target","Meet Target"),"-") -> Not Meet Target | N42: =IFERROR(VLOOKUP(D42,'Team Member List'!B:C,2,0),"") -> TL Ramirez | O42: View ticket
A43: First Review | D43: Anika Sharma | F43: Highlight View | G43: Highlight View | H43: MY | I43: =TRIM(A43) & TRIM(F43) & TRIM(H43) -> First ReviewHighlight ViewMY | J43: =IFERROR(VLOOKUP(I43,'WFM Q4 Target'!J:K,2,0),"-") -> 242.28 | K43: 165.5846 | L43: 0 | M43: =IFERROR(IF(K43>J43,"Not Meet Target","Meet Target"),"-") -> Meet Target | N43: =IFERROR(VLOOKUP(D43,'Team Member List'!B:C,2,0),"") -> TL Ramirez | O43: View ticket
A44: First Review | D44: Anika Sharma | F44: Highlight View | H44: SG | I44: =TRIM(A44) & TRIM(F44) & TRIM(H44) -> First ReviewHighlight ViewSG | J44: =IFERROR(VLOOKUP(I44,'WFM Q4 Target'!J:K,2,0),"-") -> 225.912 | K44: 128.5823 | L44: 0 | M44: =IFERROR(IF(K44>J44,"Not Meet Target","Meet Target"),"-") -> Meet Target | N44: =IFERROR(VLOOKUP(D44,'Team Member List'!B:C,2,0),"") -> TL Ramirez | O44: View ticket
A45: First Review | D45: Anika Sharma | E45: Editorial Ads | F45: FX Studio | G45: FX Studio | H45: MY | I45: =TRIM(A45) & TRIM(F45) & TRIM(H45) -> First ReviewFX StudioMY | J45: =IFERROR(VLOOKUP(I45,'WFM Q4 Target'!J:K,2,0),"-") -> - | K45: 138.6814 | L45: 12.9342 | M45: =IFERROR(IF(K45>J45,"Not Meet Target","Meet Target"),"-") -> Meet Target | N45: =IFERROR(VLOOKUP(D45,'Team Member List'!B:C,2,0),"") -> TL Ramirez | O45: View ticket
A46: First Review | C46: Priya Ramesh | D46: Priya Ramesh | E46: Quest | F46: BE Adv Video | G46: BE Adv Video | H46: ID | I46: =TRIM(A46) & TRIM(F46) & TRIM(H46) -> First ReviewBE Adv VideoID | J46: =IFERROR(VLOOKUP(I46,'WFM Q4 Target'!J:K,2,0),"-") -> - | K46: 841.4644 | L46: 17.4519 | M46: =IFERROR(IF(K46>J46,"Not Meet Target","Meet Target"),"-") -> Meet Target | N46: =IFERROR(VLOOKUP(D46,'Team Member List'!B:C,2,0),"") -> TL Ramirez | O46: View ticket
A47: First Review | D47: Priya Ramesh | F47: HTC Adv Video | G47: HTC Adv Video | H47: ID | I47: =TRIM(A47) & TRIM(F47) & TRIM(H47) -> First ReviewHTC Adv VideoID | J47: =IFERROR(VLOOKUP(I47,'WFM Q4 Target'!J:K,2,0),"-") -> - | K47: 378.5612 | L47: 60.1237 | M47: =IFERROR(IF(K47>J47,"Not Meet Target","Meet Target"),"-") -> Meet Target | N47: =IFERROR(VLOOKUP(D47,'Team Member List'!B:C,2,0),"") -> TL Ramirez | O47: View ticket
A48: First Review | C48: Talia Rosen | D48: Talia Rosen | E48: Feature Ads | F48: Highlight View | G48: Highlight View | H48: ES | I48: =TRIM(A48) & TRIM(F48) & TRIM(H48) -> First ReviewHighlight ViewES | J48: =IFERROR(VLOOKUP(I48,'WFM Q4 Target'!J:K,2,0),"-") -> 168.468 | K48: 716.857 | L48: 0 | M48: =IFERROR(IF(K48>J48,"Not Meet Target","Meet Target"),"-") -> Not Meet Target | N48: =IFERROR(VLOOKUP(D48,'Team Member List'!B:C,2,0),"") -> TL Ramirez | O48: View ticket
A49: First Review | D49: Talia Rosen | F49: Highlight View | H49: ID | I49: =TRIM(A49) & TRIM(F49) & TRIM(H49) -> First ReviewHighlight ViewID | J49: =IFERROR(VLOOKUP(I49,'WFM Q4 Target'!J:K,2,0),"-") -> 590.502 | K49: 206.5333 | L49: 0 | M49: =IFERROR(IF(K49>J49,"Not Meet Target","Meet Target"),"-") -> Meet Target | N49: =IFERROR(VLOOKUP(D49,'Team Member List'!B:C,2,0),"") -> TL Ramirez | O49: View ticket
A50: First Review | D50: Talia Rosen | F50: Highlight View | H50: MX | I50: =TRIM(A50) & TRIM(F50) & TRIM(H50) -> First ReviewHighlight ViewMX | J50: =IFERROR(VLOOKUP(I50,'WFM Q4 Target'!J:K,2,0),"-") -> 573.366 | K50: 299.9304 | L50: 0 | M50: =IFERROR(IF(K50>J50,"Not Meet Target","Meet Target"),"-") -> Meet Target | N50: =IFERROR(VLOOKUP(D50,'Team Member List'!B:C,2,0),"") -> TL Ramirez | O50: View ticket
A51: First Review | D51: Talia Rosen | F51: Highlight View | H51: SA | I51: =TRIM(A51) & TRIM(F51) & TRIM(H51) -> First ReviewHighlight ViewSA | J51: =IFERROR(VLOOKUP(I51,'WFM Q4 Target'!J:K,2,0),"-") -> 778.374 | K51: 305.3509 | L51: 0 | M51: =IFERROR(IF(K51>J51,"Not Meet Target","Meet Target"),"-") -> Meet Target | N51: =IFERROR(VLOOKUP(D51,'Team Member List'!B:C,2,0),"") -> TL Ramirez | O51: View ticket
A52: First Review | D52: Talia Rosen | E52: Quest | F52: BE Adv Campaign | G52: BE Adv Campaign | H52: GB | I52: =TRIM(A52) & TRIM(F52) & TRIM(H52) -> First ReviewBE Adv CampaignGB | J52: =IFERROR(VLOOKUP(I52,'WFM Q4 Target'!J:K,2,0),"-") -> - | K52: 187.7147 | L52: 0 | M52: =IFERROR(IF(K52>J52,"Not Meet Target","Meet Target"),"-") -> Meet Target | N52: =IFERROR(VLOOKUP(D52,'Team Member List'!B:C,2,0),"") -> TL Ramirez | O52: View ticket
A53: First Review | D53: Talia Rosen | F53: BE Adv Video | G53: BE Adv Video | H53: GB | I53: =TRIM(A53) & TRIM(F53) & TRIM(H53) -> First ReviewBE Adv VideoGB | J53: =IFERROR(VLOOKUP(I53,'WFM Q4 Target'!J:K,2,0),"-") -> - | K53: 600.7917 | L53: 32.7085 | M53: =IFERROR(IF(K53>J53,"Not Meet Target","Meet Target"),"-") -> Meet Target | N53: =IFERROR(VLOOKUP(D53,'Team Member List'!B:C,2,0),"") -> TL Ramirez | O53: View ticket
A54: First Review | D54: Talia Rosen | F54: HTC Adv Campaign | G54: HTC Adv Campaign | H54: GB | I54: =TRIM(A54) & TRIM(F54) & TRIM(H54) -> First ReviewHTC Adv CampaignGB | J54: =IFERROR(VLOOKUP(I54,'WFM Q4 Target'!J:K,2,0),"-") -> 7.254 | K54: 510.5538 | L54: 0 | M54: =IFERROR(IF(K54>J54,"Not Meet Target","Meet Target"),"-") -> Not Meet Target | N54: =IFERROR(VLOOKUP(D54,'Team Member List'!B:C,2,0),"") -> TL Ramirez | O54: View ticket
A55: First Review | D55: Talia Rosen | F55: HTC Adv Video | G55: HTC Adv Video | H55: ID | I55: =TRIM(A55) & TRIM(F55) & TRIM(H55) -> First ReviewHTC Adv VideoID | J55: =IFERROR(VLOOKUP(I55,'WFM Q4 Target'!J:K,2,0),"-") -> - | K55: 341.4367 | L55: 15.6218 | M55: =IFERROR(IF(K55>J55,"Not Meet Target","Meet Target"),"-") -> Meet Target | N55: =IFERROR(VLOOKUP(D55,'Team Member List'!B:C,2,0),"") -> TL Ramirez | O55: View ticket
